device_id,user_id,attrs,risk_score,created_at,updated_at
dev_166_72q4m8,166,"{""os"": ""Android"", ""ver"": ""14.5""}",34.86,2025-04-22 12:35:15,2025-09-10 03:29:43
dev_166_j8dl4j,166,"{""os"": ""Android"", ""ver"": ""11.1""}",90.17,2025-07-29 21:10:04,2024-11-24 03:37:49
dev_1294_nibw1g,1294,"{""os"": ""iOS"", ""ver"": ""13.1""}",20.58,2024-10-27 08:31:36,2025-05-02 11:13:40
dev_1294_sm2qfj,1294,"{""os"": ""Android"", ""ver"": ""12.6""}",1.42,2025-02-26 00:49:20,2025-08-15 23:25:29
dev_1136_0k3rf7,1136,"{""os"": ""Android"", ""ver"": ""14.8""}",98.41,2025-06-01 06:07:29,2025-02-18 13:59:32
dev_1089_igkplr,1089,"{""os"": ""iOS"", ""ver"": ""15.2""}",66.67,2025-07-21 02:44:08,2025-04-07 16:36:04
dev_1089_wq1ftt,1089,"{""os"": ""iOS"", ""ver"": ""14.9""}",35.82,2025-08-27 21:05:06,2024-10-26 22:54:56
dev_1472_0zj4o9,1472,"{""os"": ""Android"", ""ver"": ""16.4""}",76.75,2025-07-28 02:23:41,2024-12-14 10:51:16
dev_613_j8g595,613,"{""os"": ""Android"", ""ver"": ""17.8""}",36.55,2025-05-31 17:05:38,2025-10-05 08:33:09
dev_368_1vmb6k,368,"{""os"": ""Android"", ""ver"": ""10.9""}",67.91,2025-06-14 19:38:58,2025-02-01 05:51:13
dev_368_18606z,368,"{""os"": ""iOS"", ""ver"": ""14.1""}",46.14,2024-10-10 09:53:16,2024-11-17 17:02:11
dev_1754_j4bioh,1754,"{""os"": ""Android"", ""ver"": ""10.7""}",58.74,2025-08-05 07:52:21,2025-03-26 01:18:17
dev_1281_r4rkgs,1281,"{""os"": ""iOS"", ""ver"": ""12.8""}",75.44,2025-01-31 16:47:15,2025-04-19 07:46:52
dev_1281_8yp5ss,1281,"{""os"": ""Android"", ""ver"": ""15.7""}",10.98,2025-04-25 21:47:14,2025-03-10 19:54:31
dev_1574_4o969u,1574,"{""os"": ""Android"", ""ver"": ""13.6""}",25.09,2024-11-16 10:33:15,2025-04-17 14:21:52
dev_615_lze6hv,615,"{""os"": ""Android"", ""ver"": ""13.2""}",13.17,2025-04-02 08:21:06,2025-01-21 05:39:33
dev_615_nvce8x,615,"{""os"": ""Android"", ""ver"": ""17.4""}",55.8,2024-10-15 20:56:55,2024-12-16 17:22:17
dev_776_su3w90,776,"{""os"": ""iOS"", ""ver"": ""16.3""}",5.85,2025-07-18 17:03:33,2024-11-22 09:12:51
dev_776_jhu3g1,776,"{""os"": ""iOS"", ""ver"": ""16.4""}",13.31,2025-10-07 06:40:55,2025-08-01 17:29:44
dev_487_o71do9,487,"{""os"": ""iOS"", ""ver"": ""16.3""}",46.67,2024-10-24 11:20:45,2025-09-30 15:59:06
dev_487_nm3a2g,487,"{""os"": ""iOS"", ""ver"": ""16.3""}",34.83,2025-02-11 03:33:58,2024-11-14 22:13:29
dev_1036_qo0fvl,1036,"{""os"": ""iOS"", ""ver"": ""10.4""}",87.99,2024-10-11 09:46:58,2025-06-20 05:16:04
dev_1036_qa1lsz,1036,"{""os"": ""Android"", ""ver"": ""16.3""}",74.81,2025-04-26 06:26:01,2024-10-25 02:43:19
dev_225_4cuyf8,225,"{""os"": ""iOS"", ""ver"": ""16.9""}",32.95,2024-11-01 20:01:46,2025-07-30 08:37:34
dev_225_uhxxcd,225,"{""os"": ""iOS"", ""ver"": ""11.7""}",48.44,2024-12-05 09:58:35,2025-06-23 11:51:25
dev_1842_poozwr,1842,"{""os"": ""iOS"", ""ver"": ""13.2""}",41.41,2025-04-24 13:53:49,2025-01-19 00:52:45
dev_1842_mg9rbg,1842,"{""os"": ""Android"", ""ver"": ""10.3""}",49.06,2025-06-19 22:30:25,2024-11-19 03:51:46
dev_752_xfjm4q,752,"{""os"": ""Android"", ""ver"": ""16.7""}",83.05,2024-12-14 12:04:56,2025-04-17 09:20:32
dev_153_boqc2e,153,"{""os"": ""Android"", ""ver"": ""15.2""}",28.4,2024-11-25 00:26:02,2025-01-04 13:05:30
dev_331_sf08is,331,"{""os"": ""iOS"", ""ver"": ""10.1""}",32.8,2025-05-20 13:41:37,2025-02-11 18:59:13
dev_1279_oui0om,1279,"{""os"": ""Android"", ""ver"": ""15.2""}",50.81,2025-07-16 06:11:42,2024-10-13 20:59:20
dev_1279_dulj7x,1279,"{""os"": ""iOS"", ""ver"": ""12.9""}",30.49,2025-05-27 13:56:15,2025-05-11 04:09:44
dev_228_0lr3oo,228,"{""os"": ""iOS"", ""ver"": ""16.5""}",62.53,2025-10-01 09:49:58,2024-10-11 13:51:24
dev_228_4zvz0s,228,"{""os"": ""iOS"", ""ver"": ""13.9""}",69.7,2025-04-05 13:32:46,2025-07-04 21:06:07
dev_252_7ukfqo,252,"{""os"": ""iOS"", ""ver"": ""15.3""}",40.98,2024-10-12 15:44:03,2025-01-29 15:35:38
dev_1864_9paf66,1864,"{""os"": ""iOS"", ""ver"": ""11.1""}",15.79,2024-12-17 12:34:33,2025-03-04 20:39:03
dev_836_phfaxi,836,"{""os"": ""Android"", ""ver"": ""13.6""}",36.16,2025-02-04 11:02:04,2025-02-15 11:44:45
dev_836_dwao4r,836,"{""os"": ""Android"", ""ver"": ""13.9""}",40.8,2025-02-07 09:49:57,2025-04-30 01:34:47
dev_560_3hio0a,560,"{""os"": ""Android"", ""ver"": ""14.6""}",89.43,2024-11-08 15:40:30,2025-01-29 02:17:30
dev_560_zbm8pe,560,"{""os"": ""iOS"", ""ver"": ""15.3""}",98.1,2025-07-31 13:35:44,2025-07-10 19:41:22
dev_1541_ejrsbb,1541,"{""os"": ""Android"", ""ver"": ""10.4""}",1.41,2025-08-24 00:22:10,2025-03-26 06:37:19
dev_1541_3vq0bc,1541,"{""os"": ""iOS"", ""ver"": ""10.7""}",20.96,2025-01-22 23:24:37,2025-05-30 20:46:45
dev_1006_7zw0k4,1006,"{""os"": ""iOS"", ""ver"": ""10.8""}",60.44,2025-08-17 03:23:57,2025-08-15 14:09:25
dev_1006_t8nchd,1006,"{""os"": ""iOS"", ""ver"": ""15.4""}",12.59,2024-11-04 15:21:06,2024-11-17 01:51:13
dev_1315_mcd6xh,1315,"{""os"": ""Android"", ""ver"": ""14.0""}",57.78,2025-07-15 14:02:47,2025-05-18 08:46:25
dev_1251_lqw3by,1251,"{""os"": ""iOS"", ""ver"": ""13.8""}",54.22,2025-02-21 19:49:25,2025-02-11 20:53:58
dev_356_bw34s7,356,"{""os"": ""iOS"", ""ver"": ""13.4""}",1.67,2025-06-22 14:31:42,2024-11-29 17:56:35
dev_356_ttkyxa,356,"{""os"": ""iOS"", ""ver"": ""13.6""}",23.88,2024-10-20 14:22:18,2024-11-03 03:37:22
dev_1848_zg1iga,1848,"{""os"": ""iOS"", ""ver"": ""15.4""}",55.92,2024-12-30 23:12:39,2025-08-10 02:58:11
dev_1848_i5cqom,1848,"{""os"": ""Android"", ""ver"": ""16.7""}",49.33,2024-12-10 06:05:46,2024-10-13 14:43:42
dev_516_15cf89,516,"{""os"": ""Android"", ""ver"": ""17.4""}",3.35,2025-01-24 12:20:28,2025-07-06 02:23:45
dev_1353_haptd5,1353,"{""os"": ""iOS"", ""ver"": ""14.9""}",47.21,2025-07-11 21:18:24,2025-04-26 22:37:55
dev_794_c7k4rj,794,"{""os"": ""Android"", ""ver"": ""11.4""}",31.64,2025-02-19 22:05:36,2025-07-10 22:07:41
dev_794_pk3y8s,794,"{""os"": ""iOS"", ""ver"": ""15.2""}",72.03,2024-11-07 13:05:42,2024-12-20 09:18:08
dev_591_3nd73l,591,"{""os"": ""Android"", ""ver"": ""17.3""}",78.73,2025-01-03 22:31:59,2025-08-31 23:25:37
dev_365_p0rbnx,365,"{""os"": ""iOS"", ""ver"": ""13.8""}",73.52,2025-09-04 13:50:49,2025-06-17 01:37:59
dev_365_pzgrsp,365,"{""os"": ""iOS"", ""ver"": ""14.5""}",37.68,2024-10-22 02:17:35,2025-06-25 15:23:28
dev_1202_iw5e1q,1202,"{""os"": ""Android"", ""ver"": ""11.5""}",86.36,2025-04-19 17:56:19,2025-01-10 11:50:30
dev_1222_otax28,1222,"{""os"": ""iOS"", ""ver"": ""17.1""}",37.75,2024-11-02 15:56:33,2024-10-30 20:52:53
dev_1800_zy6n78,1800,"{""os"": ""Android"", ""ver"": ""17.6""}",72.33,2025-07-09 03:13:10,2024-11-19 17:58:45
dev_1027_huxkup,1027,"{""os"": ""iOS"", ""ver"": ""16.8""}",9.6,2025-07-05 06:35:47,2024-12-01 05:25:31
dev_906_08d287,906,"{""os"": ""iOS"", ""ver"": ""12.8""}",75.37,2025-10-08 20:48:21,2025-07-06 22:22:49
dev_1971_yj06mm,1971,"{""os"": ""Android"", ""ver"": ""11.8""}",61.29,2025-04-29 15:27:12,2025-01-11 02:21:59
dev_519_ja6mih,519,"{""os"": ""iOS"", ""ver"": ""12.6""}",47.48,2025-04-25 00:02:46,2024-11-30 10:44:20
dev_904_9u18md,904,"{""os"": ""Android"", ""ver"": ""12.1""}",19.47,2025-04-05 08:53:47,2025-01-13 19:51:24
dev_904_gt6lkw,904,"{""os"": ""Android"", ""ver"": ""17.6""}",5.05,2024-10-25 15:59:47,2025-01-07 04:42:13
dev_1492_agnps2,1492,"{""os"": ""Android"", ""ver"": ""16.7""}",93.29,2024-11-03 03:17:50,2025-03-22 03:26:51
dev_419_oi4kbq,419,"{""os"": ""Android"", ""ver"": ""12.8""}",76.95,2025-06-11 03:30:54,2024-10-15 20:18:56
dev_662_vs32yk,662,"{""os"": ""iOS"", ""ver"": ""11.6""}",80.7,2025-06-09 01:49:01,2024-11-10 02:57:57
dev_662_4yidzy,662,"{""os"": ""Android"", ""ver"": ""16.3""}",76.86,2025-03-03 04:33:18,2025-07-27 15:59:07
dev_440_nlc1tl,440,"{""os"": ""Android"", ""ver"": ""12.2""}",89.51,2025-04-12 08:18:14,2025-08-16 11:59:29
dev_440_alpb01,440,"{""os"": ""iOS"", ""ver"": ""10.2""}",86.63,2025-10-06 00:17:07,2025-03-08 13:32:48
dev_1335_wpwmsw,1335,"{""os"": ""iOS"", ""ver"": ""16.2""}",90.15,2025-05-20 08:25:35,2025-09-26 19:54:29
dev_1859_wtk95h,1859,"{""os"": ""iOS"", ""ver"": ""11.6""}",34.91,2025-07-11 01:06:01,2025-07-23 03:22:13
dev_1859_1um04a,1859,"{""os"": ""iOS"", ""ver"": ""11.0""}",68.7,2025-07-13 12:37:18,2025-01-17 21:25:16
dev_1274_gxam7b,1274,"{""os"": ""Android"", ""ver"": ""16.7""}",9.43,2025-01-05 22:41:49,2025-06-12 02:58:22
dev_1267_1rcq1m,1267,"{""os"": ""iOS"", ""ver"": ""12.9""}",91.91,2024-12-31 05:01:53,2025-05-12 13:59:20
dev_1082_f3g86c,1082,"{""os"": ""iOS"", ""ver"": ""10.8""}",58.65,2024-10-25 22:10:22,2025-07-30 07:02:25
dev_1807_5te3pp,1807,"{""os"": ""Android"", ""ver"": ""10.5""}",75.92,2025-02-07 02:46:09,2024-10-10 06:07:21
dev_1807_k7c5kb,1807,"{""os"": ""iOS"", ""ver"": ""15.0""}",74.19,2025-07-14 17:21:43,2025-06-02 13:12:40
dev_1016_32ii8k,1016,"{""os"": ""iOS"", ""ver"": ""17.6""}",35.48,2025-06-23 13:21:54,2024-12-13 13:31:12
dev_1016_j4umsg,1016,"{""os"": ""iOS"", ""ver"": ""16.4""}",82.11,2025-05-14 14:48:12,2025-03-12 11:12:30
dev_768_3vbla9,768,"{""os"": ""Android"", ""ver"": ""17.1""}",33.46,2025-09-24 23:36:08,2025-08-09 14:47:10
dev_1567_6qgcbj,1567,"{""os"": ""Android"", ""ver"": ""17.9""}",69.09,2024-12-23 07:09:56,2024-10-20 08:27:29
dev_1322_e74ahj,1322,"{""os"": ""Android"", ""ver"": ""14.8""}",39.61,2024-10-28 17:20:48,2025-06-24 17:38:04
dev_1322_kknnae,1322,"{""os"": ""Android"", ""ver"": ""16.0""}",76.75,2025-02-11 01:28:56,2025-08-17 05:40:53
dev_1168_utgshx,1168,"{""os"": ""Android"", ""ver"": ""12.8""}",67.84,2024-12-13 12:18:30,2025-05-18 10:53:47
dev_1663_hinoev,1663,"{""os"": ""Android"", ""ver"": ""17.7""}",37.35,2024-10-20 19:23:35,2025-03-08 14:39:25
dev_1663_kubxdh,1663,"{""os"": ""Android"", ""ver"": ""11.7""}",31.51,2025-05-28 11:29:37,2024-12-30 08:37:40
dev_243_mr5f38,243,"{""os"": ""iOS"", ""ver"": ""13.0""}",20.92,2024-11-23 22:02:19,2025-06-07 13:14:43
dev_738_ez4bx9,738,"{""os"": ""iOS"", ""ver"": ""12.9""}",80.58,2025-02-12 02:27:00,2025-05-14 09:58:12
dev_738_dj3rzq,738,"{""os"": ""Android"", ""ver"": ""14.7""}",20.17,2024-11-08 18:42:09,2025-02-14 09:43:28
dev_492_18b9qc,492,"{""os"": ""Android"", ""ver"": ""15.6""}",97.67,2025-04-19 14:08:08,2025-02-05 18:39:33
dev_492_in2bhy,492,"{""os"": ""iOS"", ""ver"": ""15.7""}",20.56,2025-03-17 15:21:23,2024-12-16 07:33:12
dev_1750_s0kdy8,1750,"{""os"": ""Android"", ""ver"": ""16.9""}",63.91,2025-06-22 09:54:55,2025-02-09 05:11:15
dev_5_6s2qqc,5,"{""os"": ""Android"", ""ver"": ""11.6""}",32.03,2025-02-15 04:28:40,2025-06-12 20:08:06
dev_126_lcbtl9,126,"{""os"": ""Android"", ""ver"": ""17.1""}",94.09,2025-03-25 23:08:18,2025-02-07 05:15:02
dev_952_tf14fr,952,"{""os"": ""Android"", ""ver"": ""12.4""}",57.75,2024-10-29 13:51:40,2025-09-06 12:19:52
dev_648_atdzyu,648,"{""os"": ""Android"", ""ver"": ""15.3""}",46.52,2025-06-15 08:49:21,2024-10-13 00:56:38
dev_648_h6htno,648,"{""os"": ""Android"", ""ver"": ""10.7""}",82.16,2025-02-28 12:24:49,2025-06-01 01:46:31
dev_1658_jka0j2,1658,"{""os"": ""Android"", ""ver"": ""16.0""}",14.9,2025-08-08 09:12:56,2025-03-06 23:41:49
dev_245_q9rvsf,245,"{""os"": ""Android"", ""ver"": ""14.2""}",45.35,2025-06-26 01:20:04,2025-05-29 13:38:09
dev_535_u0f5e4,535,"{""os"": ""Android"", ""ver"": ""13.6""}",40.79,2025-04-28 01:01:32,2025-02-22 21:44:08
dev_535_s44z78,535,"{""os"": ""iOS"", ""ver"": ""17.1""}",91.03,2024-10-15 23:19:24,2025-07-04 13:41:54
dev_755_mzbp3q,755,"{""os"": ""Android"", ""ver"": ""13.6""}",0.2,2024-11-18 07:10:49,2025-02-08 00:31:47
dev_1334_zj8fn2,1334,"{""os"": ""iOS"", ""ver"": ""14.1""}",20.1,2025-08-19 20:10:40,2024-10-24 20:37:14
dev_155_qf1adf,155,"{""os"": ""Android"", ""ver"": ""17.1""}",43.91,2025-06-21 23:12:27,2025-10-04 20:07:33
dev_155_51gzfz,155,"{""os"": ""iOS"", ""ver"": ""14.3""}",51.17,2024-11-21 07:24:12,2025-02-01 20:14:37
dev_1633_o7g5b0,1633,"{""os"": ""Android"", ""ver"": ""13.1""}",39.63,2025-06-12 14:09:02,2025-09-04 23:28:14
dev_1633_s9jrmb,1633,"{""os"": ""Android"", ""ver"": ""16.7""}",98.88,2025-01-20 05:19:56,2024-11-09 09:26:17
dev_1084_paydzz,1084,"{""os"": ""iOS"", ""ver"": ""12.6""}",91.03,2025-06-10 01:41:56,2025-09-23 12:21:23
dev_452_i5f1b3,452,"{""os"": ""Android"", ""ver"": ""16.7""}",43.54,2025-04-27 00:38:19,2024-11-08 10:54:52
dev_452_l0gf8e,452,"{""os"": ""Android"", ""ver"": ""14.3""}",33.49,2024-10-15 05:00:04,2025-01-25 19:15:20
dev_1755_qxn6i8,1755,"{""os"": ""iOS"", ""ver"": ""15.7""}",22.44,2025-08-11 02:55:45,2025-03-29 18:55:08
dev_570_klnolb,570,"{""os"": ""iOS"", ""ver"": ""15.5""}",98.18,2025-10-04 21:48:37,2025-07-20 12:23:25
dev_570_8bor2k,570,"{""os"": ""iOS"", ""ver"": ""13.5""}",92.84,2024-12-12 13:51:35,2024-10-16 15:11:03
dev_984_x7lofo,984,"{""os"": ""Android"", ""ver"": ""16.0""}",3.5,2024-11-12 04:15:28,2025-04-20 22:28:40
dev_984_cd285q,984,"{""os"": ""Android"", ""ver"": ""11.9""}",20.08,2025-01-16 01:57:01,2024-12-11 22:53:16
dev_1810_c9qh1j,1810,"{""os"": ""Android"", ""ver"": ""10.1""}",62.44,2025-01-29 19:39:52,2024-10-22 05:15:43
dev_1165_hj1oyc,1165,"{""os"": ""iOS"", ""ver"": ""16.5""}",24.83,2025-07-29 06:25:37,2024-10-29 01:32:27
dev_364_byd9dt,364,"{""os"": ""iOS"", ""ver"": ""12.9""}",72.05,2025-09-01 12:39:45,2024-12-27 15:34:54
dev_364_j1u5xi,364,"{""os"": ""Android"", ""ver"": ""11.2""}",89.42,2025-01-19 07:03:56,2025-02-01 13:10:13
dev_1879_aa4ltv,1879,"{""os"": ""iOS"", ""ver"": ""15.8""}",4.18,2025-08-09 01:19:12,2025-10-01 04:03:26
dev_1408_k4mb4e,1408,"{""os"": ""iOS"", ""ver"": ""15.6""}",98.09,2024-10-11 03:00:36,2025-04-17 11:42:37
dev_1839_3vbgdi,1839,"{""os"": ""iOS"", ""ver"": ""11.6""}",70.17,2024-12-22 00:01:14,2025-03-09 10:16:01
dev_1839_68c656,1839,"{""os"": ""Android"", ""ver"": ""16.4""}",14.42,2025-08-12 05:38:36,2024-10-12 22:26:45
dev_481_ofq3w3,481,"{""os"": ""Android"", ""ver"": ""15.9""}",7.49,2025-07-12 20:54:50,2025-10-06 13:59:55
dev_100_ai0jpp,100,"{""os"": ""Android"", ""ver"": ""17.1""}",75.9,2025-03-22 22:09:55,2025-01-30 16:25:03
dev_696_hkumci,696,"{""os"": ""Android"", ""ver"": ""14.1""}",39.79,2025-04-12 09:37:57,2025-01-11 21:01:46
dev_954_5zul2e,954,"{""os"": ""iOS"", ""ver"": ""13.0""}",47.18,2025-07-26 01:11:41,2024-12-30 17:15:29
dev_1665_j7o6yu,1665,"{""os"": ""Android"", ""ver"": ""17.4""}",32.06,2025-03-20 06:45:08,2025-01-24 10:35:03
dev_1665_y4hi5b,1665,"{""os"": ""iOS"", ""ver"": ""15.4""}",63.35,2025-05-20 05:56:40,2024-10-28 11:48:06
dev_1820_smtsva,1820,"{""os"": ""Android"", ""ver"": ""15.6""}",61.32,2025-07-09 21:34:53,2024-11-02 13:18:01
dev_1820_ofqyeo,1820,"{""os"": ""iOS"", ""ver"": ""11.2""}",47.0,2025-06-13 01:48:36,2025-08-07 15:41:04
dev_1143_wv1mm9,1143,"{""os"": ""iOS"", ""ver"": ""12.2""}",89.4,2025-09-30 07:52:04,2025-02-18 16:58:09
dev_352_yaek5a,352,"{""os"": ""Android"", ""ver"": ""14.4""}",45.48,2025-04-06 03:17:39,2025-05-20 07:35:34
dev_533_zwbh80,533,"{""os"": ""iOS"", ""ver"": ""16.6""}",96.63,2024-12-19 11:52:17,2025-09-13 19:36:43
dev_533_pr0qxe,533,"{""os"": ""iOS"", ""ver"": ""11.1""}",66.19,2025-09-08 00:19:07,2025-10-08 14:59:49
dev_665_siquo2,665,"{""os"": ""Android"", ""ver"": ""17.7""}",78.58,2025-04-14 11:36:33,2025-06-18 04:12:37
dev_1516_flv7ej,1516,"{""os"": ""Android"", ""ver"": ""17.7""}",45.1,2025-07-08 18:28:02,2025-02-18 01:53:06
dev_1516_nyb9xs,1516,"{""os"": ""Android"", ""ver"": ""12.1""}",9.98,2025-05-17 15:54:22,2025-05-03 19:20:30
dev_403_intuo1,403,"{""os"": ""Android"", ""ver"": ""14.2""}",81.13,2025-10-01 00:40:47,2025-02-14 23:00:35
dev_157_nsvqr5,157,"{""os"": ""iOS"", ""ver"": ""12.8""}",34.03,2025-08-03 11:34:40,2024-11-16 09:04:57
dev_53_97lcpx,53,"{""os"": ""Android"", ""ver"": ""14.6""}",74.61,2025-02-23 11:35:28,2025-02-19 15:56:32
dev_1484_s1spz0,1484,"{""os"": ""iOS"", ""ver"": ""13.9""}",32.56,2025-05-13 11:52:09,2025-04-24 13:44:31
dev_1031_zczmpi,1031,"{""os"": ""Android"", ""ver"": ""10.1""}",61.88,2025-02-16 03:17:11,2025-01-28 17:19:23
dev_188_eys2n3,188,"{""os"": ""Android"", ""ver"": ""17.7""}",57.02,2024-10-11 17:38:27,2024-12-29 12:14:22
dev_188_w32atx,188,"{""os"": ""iOS"", ""ver"": ""10.1""}",74.24,2025-07-09 16:41:49,2025-03-14 19:54:55
dev_288_olllmj,288,"{""os"": ""iOS"", ""ver"": ""16.7""}",9.82,2024-10-17 10:33:32,2024-11-03 16:27:19
dev_515_aj7srg,515,"{""os"": ""iOS"", ""ver"": ""12.7""}",85.78,2024-11-15 00:24:06,2024-10-19 13:37:13
dev_829_pzeks4,829,"{""os"": ""Android"", ""ver"": ""11.7""}",12.43,2025-02-14 05:24:56,2025-04-23 08:44:28
dev_829_gh6h7l,829,"{""os"": ""Android"", ""ver"": ""17.5""}",67.55,2024-10-25 17:26:43,2025-01-27 18:53:37
dev_1990_jz3n3m,1990,"{""os"": ""Android"", ""ver"": ""15.0""}",20.68,2025-09-04 10:44:20,2025-05-08 11:30:39
dev_1852_vjqrwy,1852,"{""os"": ""iOS"", ""ver"": ""10.6""}",8.53,2024-11-04 14:04:57,2024-12-08 09:47:12
dev_1852_rjo59v,1852,"{""os"": ""Android"", ""ver"": ""14.7""}",15.16,2025-08-23 18:20:27,2025-08-09 04:52:11
dev_489_1npxi9,489,"{""os"": ""iOS"", ""ver"": ""13.2""}",34.83,2025-06-30 20:59:03,2024-12-19 21:32:08
dev_489_z5lq0n,489,"{""os"": ""iOS"", ""ver"": ""15.0""}",47.45,2024-12-27 07:39:39,2025-09-10 16:53:36
dev_1522_siv34j,1522,"{""os"": ""Android"", ""ver"": ""11.2""}",67.99,2025-08-25 01:35:30,2024-11-30 11:48:13
dev_980_xyi1o4,980,"{""os"": ""Android"", ""ver"": ""15.6""}",69.8,2025-06-01 02:57:05,2024-12-16 09:40:36
dev_1096_cvm5o9,1096,"{""os"": ""iOS"", ""ver"": ""16.3""}",39.01,2024-10-10 06:46:07,2025-09-11 22:00:34
dev_1096_yncs58,1096,"{""os"": ""iOS"", ""ver"": ""14.8""}",10.81,2025-06-26 11:15:24,2025-04-06 03:57:17
dev_1311_09wvnf,1311,"{""os"": ""iOS"", ""ver"": ""15.9""}",74.93,2025-03-22 19:01:30,2025-02-15 18:00:01
dev_1311_zmkvzb,1311,"{""os"": ""iOS"", ""ver"": ""12.9""}",91.99,2025-03-26 12:53:49,2024-12-06 07:34:14
dev_1394_kt97ax,1394,"{""os"": ""iOS"", ""ver"": ""13.1""}",21.21,2025-08-04 20:49:48,2025-01-21 14:14:46
dev_1394_h3pfi1,1394,"{""os"": ""Android"", ""ver"": ""11.5""}",49.97,2025-08-28 06:08:21,2024-12-02 08:36:55
dev_1692_gwn0mo,1692,"{""os"": ""iOS"", ""ver"": ""17.6""}",66.64,2025-04-05 22:50:10,2024-12-27 13:13:22
dev_1692_fhn5yl,1692,"{""os"": ""Android"", ""ver"": ""10.6""}",19.5,2024-11-02 05:33:30,2025-07-25 15:09:21
dev_787_vii8tp,787,"{""os"": ""Android"", ""ver"": ""11.5""}",72.62,2025-07-01 22:17:56,2024-12-06 11:26:34
dev_345_k7ox4r,345,"{""os"": ""Android"", ""ver"": ""14.5""}",32.1,2025-02-19 05:34:32,2025-01-16 02:08:06
dev_345_da8980,345,"{""os"": ""iOS"", ""ver"": ""10.8""}",48.02,2025-03-16 23:45:52,2025-04-13 10:08:19
dev_632_txlaa6,632,"{""os"": ""Android"", ""ver"": ""17.9""}",49.18,2025-05-29 01:50:05,2025-01-26 19:13:21
dev_632_cht1tp,632,"{""os"": ""iOS"", ""ver"": ""16.4""}",38.87,2025-04-23 02:14:59,2025-06-19 02:33:03
dev_422_3p0oi8,422,"{""os"": ""iOS"", ""ver"": ""12.6""}",91.99,2025-07-13 16:47:32,2025-08-11 12:38:12
dev_422_7mgrh5,422,"{""os"": ""Android"", ""ver"": ""13.4""}",98.69,2025-09-13 23:18:16,2025-07-17 06:52:16
dev_1526_a6ar1a,1526,"{""os"": ""Android"", ""ver"": ""16.2""}",59.52,2025-05-23 22:07:46,2024-12-12 17:20:42
dev_1526_q9oat0,1526,"{""os"": ""Android"", ""ver"": ""11.9""}",55.66,2025-02-27 00:13:05,2025-02-03 02:37:41
dev_98_phptmq,98,"{""os"": ""Android"", ""ver"": ""15.5""}",45.27,2025-06-06 06:56:48,2024-11-19 12:47:04
dev_98_t8j2vo,98,"{""os"": ""Android"", ""ver"": ""13.9""}",32.01,2025-04-18 17:38:00,2025-06-02 17:41:06
dev_1676_rixcij,1676,"{""os"": ""Android"", ""ver"": ""17.5""}",38.35,2025-09-01 12:27:54,2025-08-28 15:06:25
dev_1676_13qnvy,1676,"{""os"": ""iOS"", ""ver"": ""12.2""}",81.4,2025-09-18 11:47:42,2025-09-25 08:53:40
dev_1302_vlmeil,1302,"{""os"": ""Android"", ""ver"": ""14.0""}",32.25,2024-12-23 08:37:27,2024-12-21 02:54:34
dev_1302_j7kex5,1302,"{""os"": ""iOS"", ""ver"": ""12.3""}",61.01,2025-06-05 09:03:18,2025-03-14 22:49:39
dev_146_h5hzwr,146,"{""os"": ""iOS"", ""ver"": ""16.2""}",50.38,2024-10-14 06:41:56,2024-12-08 20:23:03
dev_551_su1lqx,551,"{""os"": ""iOS"", ""ver"": ""17.3""}",46.51,2025-03-06 02:03:23,2025-09-14 13:39:41
dev_1295_qu3054,1295,"{""os"": ""Android"", ""ver"": ""10.9""}",49.95,2024-12-21 16:54:58,2025-01-24 23:12:13
dev_1295_7921yk,1295,"{""os"": ""Android"", ""ver"": ""10.7""}",70.43,2024-12-05 20:30:56,2025-07-20 12:52:02
dev_852_yapig8,852,"{""os"": ""Android"", ""ver"": ""15.2""}",44.86,2025-07-19 22:29:07,2025-05-13 21:01:20
dev_28_awy0pe,28,"{""os"": ""Android"", ""ver"": ""17.5""}",20.33,2024-12-30 18:57:56,2025-07-17 00:56:57
dev_872_tzv4ty,872,"{""os"": ""Android"", ""ver"": ""10.7""}",32.93,2025-05-01 03:46:12,2024-10-20 15:01:19
dev_872_3n0mwf,872,"{""os"": ""iOS"", ""ver"": ""15.0""}",76.94,2024-10-17 10:11:39,2025-04-14 08:04:52
dev_862_4oog2t,862,"{""os"": ""Android"", ""ver"": ""16.8""}",24.23,2025-02-21 10:02:47,2025-07-07 17:27:56
dev_1509_iu31e9,1509,"{""os"": ""iOS"", ""ver"": ""14.1""}",22.27,2025-08-17 17:36:48,2025-06-08 10:58:39
dev_1509_5pgb8n,1509,"{""os"": ""iOS"", ""ver"": ""10.6""}",55.93,2024-10-24 16:47:50,2025-06-26 19:35:37
dev_1523_pftpyb,1523,"{""os"": ""Android"", ""ver"": ""17.7""}",37.14,2025-04-12 14:31:49,2025-04-09 18:43:31
dev_1210_01lda7,1210,"{""os"": ""Android"", ""ver"": ""17.2""}",35.38,2025-10-03 00:22:38,2025-09-19 04:33:29
dev_798_y2twsc,798,"{""os"": ""Android"", ""ver"": ""15.8""}",44.76,2025-06-22 22:35:43,2025-02-02 16:43:29
dev_798_kmrfsf,798,"{""os"": ""iOS"", ""ver"": ""10.4""}",8.56,2025-09-08 18:04:10,2025-05-06 13:57:27
dev_234_ense13,234,"{""os"": ""iOS"", ""ver"": ""15.5""}",62.97,2025-02-28 07:49:01,2025-06-12 11:28:47
dev_1486_ajxmb5,1486,"{""os"": ""Android"", ""ver"": ""15.8""}",30.09,2024-11-14 14:54:31,2024-12-13 06:03:11
dev_1486_ero6wb,1486,"{""os"": ""Android"", ""ver"": ""14.9""}",78.96,2024-11-24 02:15:31,2025-04-21 19:09:19
dev_55_04xsby,55,"{""os"": ""Android"", ""ver"": ""13.8""}",21.75,2025-05-12 17:19:46,2025-07-30 05:04:16
dev_55_kls0rs,55,"{""os"": ""iOS"", ""ver"": ""13.5""}",6.46,2025-05-10 11:39:53,2024-11-02 04:22:15
dev_774_jw2wzo,774,"{""os"": ""iOS"", ""ver"": ""10.0""}",72.96,2025-05-28 22:04:21,2025-06-22 13:31:34
dev_774_6zaz50,774,"{""os"": ""Android"", ""ver"": ""17.2""}",84.22,2025-08-17 00:05:19,2025-10-03 14:07:17
dev_1657_dpusqc,1657,"{""os"": ""iOS"", ""ver"": ""11.6""}",96.96,2025-01-08 14:38:45,2025-08-18 02:57:16
dev_1657_6iwkvy,1657,"{""os"": ""iOS"", ""ver"": ""15.0""}",10.11,2025-06-01 23:13:04,2025-05-28 20:11:00
dev_1772_9nifmp,1772,"{""os"": ""iOS"", ""ver"": ""17.6""}",59.35,2025-02-19 20:42:00,2025-07-13 05:10:42
dev_1772_27v72w,1772,"{""os"": ""Android"", ""ver"": ""17.4""}",36.39,2024-12-29 08:53:15,2024-11-19 14:31:56
dev_1219_e6xdmr,1219,"{""os"": ""Android"", ""ver"": ""10.4""}",17.25,2025-08-28 01:25:08,2025-06-01 18:45:56
dev_1219_dpbj1n,1219,"{""os"": ""Android"", ""ver"": ""14.4""}",96.85,2024-10-24 16:51:24,2024-11-19 05:50:49
dev_1284_0k9jx4,1284,"{""os"": ""iOS"", ""ver"": ""13.7""}",55.77,2025-05-31 13:24:30,2025-01-22 17:24:26
dev_1284_3ev33p,1284,"{""os"": ""Android"", ""ver"": ""15.2""}",31.25,2025-07-12 17:46:01,2024-10-30 19:53:26
dev_847_zrxep4,847,"{""os"": ""Android"", ""ver"": ""10.2""}",43.53,2025-08-07 04:08:22,2025-04-12 04:06:18
dev_497_fmnuf8,497,"{""os"": ""iOS"", ""ver"": ""11.3""}",53.34,2025-08-07 21:57:32,2025-04-16 08:26:01
dev_497_4um75w,497,"{""os"": ""iOS"", ""ver"": ""17.5""}",0.66,2025-03-17 15:21:58,2025-01-24 11:49:05
dev_1536_sj57zp,1536,"{""os"": ""Android"", ""ver"": ""11.2""}",39.13,2025-06-25 23:53:50,2025-09-23 04:21:29
dev_914_r70iof,914,"{""os"": ""iOS"", ""ver"": ""13.2""}",87.84,2025-08-05 18:43:41,2025-02-22 19:25:48
dev_634_k5msse,634,"{""os"": ""Android"", ""ver"": ""16.8""}",96.95,2024-11-15 18:24:04,2025-05-11 13:49:20
dev_634_y9kvgc,634,"{""os"": ""Android"", ""ver"": ""17.5""}",63.72,2025-01-29 05:21:13,2025-03-16 20:10:58
dev_1244_zv56lo,1244,"{""os"": ""Android"", ""ver"": ""17.8""}",20.92,2025-07-06 09:54:48,2025-07-04 08:18:55
dev_1244_o6zhdq,1244,"{""os"": ""iOS"", ""ver"": ""15.3""}",30.24,2025-06-24 14:52:40,2024-10-25 15:37:36
dev_210_gdl970,210,"{""os"": ""iOS"", ""ver"": ""11.6""}",40.28,2025-01-06 10:39:24,2025-07-21 01:59:03
dev_1805_ecevs4,1805,"{""os"": ""Android"", ""ver"": ""13.1""}",11.03,2025-05-21 02:17:45,2024-12-24 17:26:47
dev_1805_tdrjdl,1805,"{""os"": ""iOS"", ""ver"": ""10.6""}",77.49,2025-10-02 16:51:39,2025-03-08 04:23:37
dev_1664_zmkbf6,1664,"{""os"": ""iOS"", ""ver"": ""12.4""}",86.28,2025-01-28 14:57:52,2024-11-15 13:02:15
dev_302_f7mwtz,302,"{""os"": ""Android"", ""ver"": ""11.3""}",33.74,2025-03-11 06:30:17,2025-09-06 08:52:20
dev_1637_blrwu7,1637,"{""os"": ""iOS"", ""ver"": ""16.2""}",70.91,2025-01-14 08:43:42,2025-09-19 14:31:21
dev_1637_9rm5po,1637,"{""os"": ""Android"", ""ver"": ""10.8""}",21.44,2024-12-31 07:41:07,2025-03-22 14:47:02
dev_1758_eb8qhs,1758,"{""os"": ""Android"", ""ver"": ""11.4""}",75.44,2024-12-17 10:25:05,2025-07-01 12:31:40
dev_1630_v8ab40,1630,"{""os"": ""Android"", ""ver"": ""12.6""}",79.61,2025-02-05 10:48:16,2024-11-20 04:36:54
dev_131_rslxwz,131,"{""os"": ""iOS"", ""ver"": ""11.3""}",16.82,2025-06-14 15:39:55,2025-08-09 23:02:53
dev_131_7f2heq,131,"{""os"": ""iOS"", ""ver"": ""15.4""}",3.72,2025-05-10 13:29:29,2024-10-31 02:00:36
dev_1063_r5kxso,1063,"{""os"": ""Android"", ""ver"": ""15.9""}",26.83,2025-01-03 09:10:19,2025-09-09 17:45:18
dev_1063_33u0jp,1063,"{""os"": ""Android"", ""ver"": ""16.9""}",83.58,2025-06-07 17:39:52,2025-04-12 21:58:52
dev_1974_xk7ttm,1974,"{""os"": ""iOS"", ""ver"": ""17.7""}",96.93,2024-11-27 13:54:49,2025-09-12 04:12:51
dev_1974_e2d521,1974,"{""os"": ""iOS"", ""ver"": ""14.3""}",20.95,2025-08-13 21:25:29,2024-10-29 19:45:19
dev_1225_jedodw,1225,"{""os"": ""iOS"", ""ver"": ""13.5""}",18.56,2025-03-01 05:00:42,2025-07-11 21:07:00
dev_1225_bucnj1,1225,"{""os"": ""Android"", ""ver"": ""13.3""}",11.7,2025-08-22 00:24:27,2025-09-12 15:03:15
dev_1434_garye2,1434,"{""os"": ""Android"", ""ver"": ""15.7""}",92.12,2025-06-03 09:23:14,2025-04-21 07:03:34
dev_1288_bc6a41,1288,"{""os"": ""Android"", ""ver"": ""16.7""}",79.79,2025-06-11 11:51:07,2025-04-09 05:20:32
dev_1288_29nnqp,1288,"{""os"": ""Android"", ""ver"": ""12.4""}",10.94,2024-11-10 10:02:42,2025-07-25 04:18:27
dev_76_rdolpg,76,"{""os"": ""iOS"", ""ver"": ""13.5""}",88.36,2025-02-25 18:54:40,2025-05-15 08:06:53
dev_76_xundmf,76,"{""os"": ""Android"", ""ver"": ""17.5""}",16.32,2025-08-07 23:34:03,2025-01-12 18:09:15
dev_791_o05d8l,791,"{""os"": ""iOS"", ""ver"": ""11.1""}",25.81,2025-05-28 06:50:44,2025-07-21 00:24:37
dev_693_958pcy,693,"{""os"": ""iOS"", ""ver"": ""17.1""}",92.31,2025-02-11 01:28:06,2025-08-22 14:11:37
dev_693_6aovl7,693,"{""os"": ""iOS"", ""ver"": ""15.7""}",74.03,2025-10-07 04:04:36,2025-06-01 10:47:54
dev_19_x27o6q,19,"{""os"": ""Android"", ""ver"": ""11.3""}",65.03,2025-09-21 06:56:32,2025-08-17 06:29:31
dev_870_hhd8wx,870,"{""os"": ""Android"", ""ver"": ""12.0""}",93.75,2025-04-29 17:57:09,2024-12-12 21:12:33
dev_870_m4jbux,870,"{""os"": ""Android"", ""ver"": ""14.2""}",78.11,2025-09-09 19:08:01,2024-12-30 05:39:38
dev_159_cpkjyk,159,"{""os"": ""iOS"", ""ver"": ""11.4""}",87.85,2025-02-08 23:31:26,2025-05-12 11:04:49
dev_159_opj1fi,159,"{""os"": ""iOS"", ""ver"": ""16.4""}",12.63,2025-09-02 08:11:04,2025-03-06 16:27:24
dev_1740_oi373d,1740,"{""os"": ""Android"", ""ver"": ""12.3""}",27.91,2024-10-21 19:41:02,2025-03-22 23:28:10
dev_1740_f4rpl1,1740,"{""os"": ""iOS"", ""ver"": ""11.6""}",75.21,2025-05-23 13:56:04,2025-05-01 10:43:18
dev_1583_bl3dyh,1583,"{""os"": ""iOS"", ""ver"": ""13.4""}",64.08,2025-06-07 12:01:55,2025-08-17 10:38:12
dev_1583_8t4brp,1583,"{""os"": ""Android"", ""ver"": ""17.6""}",5.35,2024-12-27 15:53:09,2025-06-15 10:34:15
dev_546_dyw8wr,546,"{""os"": ""Android"", ""ver"": ""13.3""}",26.75,2025-06-16 21:33:26,2024-11-07 11:17:36
dev_546_4qpvbx,546,"{""os"": ""Android"", ""ver"": ""12.5""}",83.67,2025-08-30 17:27:32,2025-04-29 09:17:36
dev_897_92ha6e,897,"{""os"": ""Android"", ""ver"": ""16.8""}",57.23,2025-02-22 01:17:15,2024-11-14 10:25:10
dev_897_0mul27,897,"{""os"": ""iOS"", ""ver"": ""15.7""}",92.17,2025-07-22 16:47:06,2025-09-04 15:44:58
dev_172_qfob80,172,"{""os"": ""iOS"", ""ver"": ""14.1""}",42.6,2024-11-18 07:36:57,2025-08-23 13:20:22
dev_172_mj3z7w,172,"{""os"": ""Android"", ""ver"": ""12.7""}",51.28,2024-11-30 10:07:31,2025-01-20 15:40:22
dev_717_o2de83,717,"{""os"": ""Android"", ""ver"": ""15.9""}",13.95,2024-12-30 05:39:43,2025-07-19 03:26:08
dev_1191_8gorm3,1191,"{""os"": ""iOS"", ""ver"": ""15.6""}",12.33,2025-07-11 18:18:12,2024-10-16 06:50:28
dev_1836_dkgxrf,1836,"{""os"": ""Android"", ""ver"": ""17.3""}",69.95,2025-06-01 04:31:10,2025-08-18 23:48:00
dev_1836_0ajbv6,1836,"{""os"": ""Android"", ""ver"": ""11.5""}",64.95,2025-02-18 08:41:04,2024-11-26 12:37:31
dev_1893_fb4lux,1893,"{""os"": ""Android"", ""ver"": ""13.0""}",86.35,2024-12-18 21:48:41,2025-04-08 15:08:21
dev_1893_rv8voy,1893,"{""os"": ""iOS"", ""ver"": ""17.3""}",46.03,2025-04-13 18:32:45,2025-07-25 02:58:02
dev_221_py6efi,221,"{""os"": ""iOS"", ""ver"": ""11.1""}",23.94,2025-06-25 09:13:21,2025-08-16 09:59:58
dev_338_ln1b5o,338,"{""os"": ""Android"", ""ver"": ""14.1""}",17.05,2025-07-30 06:28:41,2025-07-09 02:45:46
dev_338_46u2sl,338,"{""os"": ""Android"", ""ver"": ""10.9""}",30.44,2024-12-14 07:15:10,2025-06-03 17:35:30
dev_653_99upsr,653,"{""os"": ""iOS"", ""ver"": ""11.3""}",94.99,2025-08-12 19:37:22,2024-12-30 04:18:16
dev_1936_nba9vq,1936,"{""os"": ""Android"", ""ver"": ""11.9""}",23.19,2025-02-21 15:16:58,2025-05-08 01:14:26
dev_285_thw9p0,285,"{""os"": ""iOS"", ""ver"": ""11.1""}",22.33,2025-06-24 18:51:12,2025-09-08 01:57:34
dev_1490_olnlpr,1490,"{""os"": ""iOS"", ""ver"": ""10.5""}",91.38,2025-04-09 23:20:56,2024-11-10 16:35:04
dev_1490_s47tde,1490,"{""os"": ""iOS"", ""ver"": ""12.9""}",65.19,2025-06-12 16:13:43,2025-04-28 08:57:33
dev_392_0trvtf,392,"{""os"": ""Android"", ""ver"": ""17.5""}",21.92,2025-09-03 21:33:29,2025-03-05 00:20:11
dev_167_l48hb1,167,"{""os"": ""Android"", ""ver"": ""16.6""}",68.11,2025-01-30 08:51:13,2024-11-12 20:26:52
dev_851_1id2cp,851,"{""os"": ""iOS"", ""ver"": ""11.9""}",33.24,2025-06-19 10:08:19,2024-12-09 02:09:10
dev_91_hegyir,91,"{""os"": ""iOS"", ""ver"": ""17.0""}",77.4,2025-06-20 17:23:15,2024-12-20 12:05:40
dev_91_xadteb,91,"{""os"": ""iOS"", ""ver"": ""14.5""}",51.74,2025-09-15 17:42:32,2025-07-28 07:33:21
dev_4_gj9kku,4,"{""os"": ""Android"", ""ver"": ""13.2""}",36.02,2025-04-28 08:51:44,2025-03-05 23:06:36
dev_4_4uvm6n,4,"{""os"": ""Android"", ""ver"": ""11.2""}",2.42,2025-02-21 05:17:01,2025-09-21 12:26:42
dev_521_r38aiz,521,"{""os"": ""Android"", ""ver"": ""10.8""}",9.87,2024-12-03 19:58:52,2025-01-06 01:29:31
dev_521_jp8q9z,521,"{""os"": ""iOS"", ""ver"": ""17.4""}",29.44,2025-07-07 09:50:43,2025-05-01 01:35:31
dev_1560_7w6977,1560,"{""os"": ""Android"", ""ver"": ""16.7""}",79.76,2025-05-19 10:43:09,2024-12-25 04:43:25
dev_108_eorl0y,108,"{""os"": ""iOS"", ""ver"": ""10.1""}",22.41,2025-05-30 12:12:59,2025-08-30 00:01:46
dev_384_mwbwac,384,"{""os"": ""Android"", ""ver"": ""14.6""}",35.94,2025-01-17 01:41:54,2025-10-07 09:17:04
dev_985_bkazjm,985,"{""os"": ""Android"", ""ver"": ""16.8""}",79.19,2025-05-10 15:34:22,2025-02-25 22:17:22
dev_339_na9tv4,339,"{""os"": ""Android"", ""ver"": ""16.2""}",31.63,2025-03-07 08:51:57,2025-08-28 04:03:49
dev_1908_zv0dsg,1908,"{""os"": ""iOS"", ""ver"": ""16.5""}",17.69,2024-11-06 21:29:37,2025-09-08 14:47:39
dev_1662_nlaima,1662,"{""os"": ""iOS"", ""ver"": ""17.4""}",7.12,2025-03-02 01:04:27,2025-02-04 17:26:25
dev_1272_533db8,1272,"{""os"": ""iOS"", ""ver"": ""12.3""}",12.16,2025-02-16 20:25:58,2025-02-10 08:57:39
dev_1272_flnojk,1272,"{""os"": ""Android"", ""ver"": ""16.4""}",36.55,2024-11-13 16:40:48,2024-12-03 04:30:55
dev_1109_ydxis1,1109,"{""os"": ""iOS"", ""ver"": ""13.7""}",63.27,2025-05-23 00:54:34,2025-01-29 13:22:50
dev_1109_3fu0lu,1109,"{""os"": ""Android"", ""ver"": ""14.8""}",90.95,2024-12-18 23:56:14,2025-09-29 10:53:19
dev_1874_n45jo5,1874,"{""os"": ""iOS"", ""ver"": ""14.8""}",74.15,2025-01-24 17:04:16,2024-12-27 10:24:13
dev_1874_xriow2,1874,"{""os"": ""Android"", ""ver"": ""14.9""}",47.0,2025-06-25 18:35:05,2025-01-11 09:25:14
dev_1617_i4mu4q,1617,"{""os"": ""Android"", ""ver"": ""12.8""}",57.16,2025-05-05 18:59:36,2025-02-28 18:24:14
dev_1617_pyocvv,1617,"{""os"": ""iOS"", ""ver"": ""15.2""}",38.05,2025-06-02 06:28:31,2025-04-16 14:03:59
dev_1762_epu44t,1762,"{""os"": ""Android"", ""ver"": ""16.7""}",31.86,2025-08-11 10:07:01,2024-11-21 21:25:28
dev_1048_0h6vy9,1048,"{""os"": ""Android"", ""ver"": ""10.4""}",85.57,2025-02-22 17:41:07,2025-02-05 07:01:43
dev_1048_jmq48b,1048,"{""os"": ""Android"", ""ver"": ""10.1""}",36.0,2025-05-18 01:44:49,2024-11-27 00:47:44
dev_465_x2y5l3,465,"{""os"": ""iOS"", ""ver"": ""15.6""}",99.34,2025-06-20 17:12:24,2025-05-30 01:20:38
dev_1309_m0zxo4,1309,"{""os"": ""Android"", ""ver"": ""13.3""}",82.81,2024-10-21 01:11:05,2025-07-07 10:57:07
dev_1309_z9aumh,1309,"{""os"": ""iOS"", ""ver"": ""17.2""}",47.04,2025-02-11 06:18:33,2025-01-11 12:18:46
dev_274_ruy5r8,274,"{""os"": ""Android"", ""ver"": ""12.6""}",81.69,2025-09-28 02:31:20,2025-03-13 19:38:38
dev_232_2gqylt,232,"{""os"": ""Android"", ""ver"": ""13.5""}",4.62,2025-02-04 13:06:32,2025-03-20 07:20:00
dev_354_mr5qsf,354,"{""os"": ""Android"", ""ver"": ""11.6""}",99.38,2024-12-25 08:42:58,2024-12-13 07:00:09
dev_354_o8pm4y,354,"{""os"": ""iOS"", ""ver"": ""15.9""}",17.59,2025-09-21 07:27:39,2025-03-24 12:59:22
dev_124_mwtrsh,124,"{""os"": ""Android"", ""ver"": ""10.0""}",52.39,2025-07-01 03:12:50,2025-05-04 13:58:11
dev_1135_f8ri3p,1135,"{""os"": ""iOS"", ""ver"": ""14.9""}",28.14,2024-12-31 10:55:54,2025-08-23 21:15:29
dev_801_6weyuk,801,"{""os"": ""Android"", ""ver"": ""10.3""}",6.82,2025-08-15 15:19:16,2025-07-21 14:55:28
dev_801_qvdpmm,801,"{""os"": ""iOS"", ""ver"": ""12.0""}",80.97,2025-06-12 14:34:31,2025-09-08 21:41:28
dev_164_9yxjh8,164,"{""os"": ""Android"", ""ver"": ""13.8""}",67.57,2025-02-04 22:03:44,2024-10-28 00:37:13
dev_164_5tkizi,164,"{""os"": ""Android"", ""ver"": ""10.3""}",0.97,2025-07-09 18:44:17,2025-02-08 06:05:40
dev_542_9u3om8,542,"{""os"": ""Android"", ""ver"": ""15.3""}",15.79,2025-02-23 12:35:27,2024-12-03 05:45:54
dev_1531_5xk1sy,1531,"{""os"": ""iOS"", ""ver"": ""16.8""}",71.87,2024-10-11 17:19:23,2024-12-12 02:18:35
dev_1531_05s34c,1531,"{""os"": ""iOS"", ""ver"": ""16.7""}",16.57,2025-02-01 17:35:18,2025-05-30 16:56:34
dev_1438_7dkpz4,1438,"{""os"": ""iOS"", ""ver"": ""16.9""}",95.72,2025-03-27 23:39:19,2025-07-08 00:48:47
dev_1438_dlhxba,1438,"{""os"": ""iOS"", ""ver"": ""14.1""}",70.44,2025-10-04 18:18:51,2025-08-17 14:26:01
dev_1264_e1k2ic,1264,"{""os"": ""iOS"", ""ver"": ""16.5""}",43.78,2025-08-19 00:28:14,2024-11-25 20:39:50
dev_1123_2lchhc,1123,"{""os"": ""iOS"", ""ver"": ""10.1""}",71.93,2025-01-21 00:04:07,2025-04-02 20:39:49
dev_605_48dhcb,605,"{""os"": ""iOS"", ""ver"": ""17.4""}",56.72,2025-08-22 18:38:55,2025-04-07 19:57:54
dev_605_829a7z,605,"{""os"": ""Android"", ""ver"": ""13.7""}",21.31,2024-12-08 17:33:14,2024-11-18 11:04:38
dev_289_d5ax7u,289,"{""os"": ""Android"", ""ver"": ""12.1""}",82.71,2024-12-30 12:37:13,2025-07-21 05:16:11
dev_762_aacsm4,762,"{""os"": ""Android"", ""ver"": ""16.0""}",17.11,2024-11-10 23:40:12,2025-08-27 01:12:29
dev_762_itbjqc,762,"{""os"": ""iOS"", ""ver"": ""10.4""}",33.9,2025-08-27 23:34:13,2025-06-07 08:31:08
dev_1915_ul867w,1915,"{""os"": ""iOS"", ""ver"": ""12.7""}",40.62,2025-07-04 01:05:32,2025-01-28 17:25:14
dev_1742_p4js6n,1742,"{""os"": ""Android"", ""ver"": ""17.5""}",0.82,2025-05-23 04:54:40,2025-07-09 23:47:48
dev_1742_ojcvj0,1742,"{""os"": ""Android"", ""ver"": ""11.7""}",33.75,2025-05-30 07:12:50,2025-01-17 05:16:02
dev_947_1deu3d,947,"{""os"": ""iOS"", ""ver"": ""15.8""}",2.11,2025-08-31 14:24:23,2025-01-26 23:02:34
dev_947_mruo0n,947,"{""os"": ""Android"", ""ver"": ""10.4""}",27.08,2025-05-14 07:44:28,2025-05-09 00:54:41
dev_1949_w710rw,1949,"{""os"": ""iOS"", ""ver"": ""15.0""}",6.48,2025-08-07 02:47:33,2025-02-26 16:26:07
dev_810_95ojw9,810,"{""os"": ""iOS"", ""ver"": ""14.2""}",25.48,2025-03-12 14:33:18,2024-11-02 16:41:10
dev_810_ef6a9x,810,"{""os"": ""iOS"", ""ver"": ""17.0""}",4.41,2025-01-09 08:14:11,2025-05-27 03:03:38
dev_1563_mryi02,1563,"{""os"": ""Android"", ""ver"": ""16.1""}",68.32,2025-05-02 01:54:35,2025-08-07 18:21:29
dev_1563_2lbray,1563,"{""os"": ""Android"", ""ver"": ""15.1""}",71.04,2025-01-08 10:51:07,2025-10-06 18:43:47
dev_780_tgknqd,780,"{""os"": ""Android"", ""ver"": ""17.7""}",79.91,2025-03-01 19:29:28,2025-02-02 06:17:29
dev_780_yvf3ti,780,"{""os"": ""iOS"", ""ver"": ""14.3""}",1.07,2024-11-17 13:31:12,2025-07-24 07:02:14
dev_1266_f80wth,1266,"{""os"": ""Android"", ""ver"": ""14.0""}",89.53,2024-10-26 14:05:22,2025-08-18 04:51:32
dev_1266_ybv33y,1266,"{""os"": ""Android"", ""ver"": ""10.1""}",17.64,2025-07-16 22:36:31,2025-03-16 06:22:14
dev_1239_to04tf,1239,"{""os"": ""Android"", ""ver"": ""10.1""}",84.99,2024-11-11 04:56:17,2025-09-14 11:15:58
dev_1668_zqinmm,1668,"{""os"": ""iOS"", ""ver"": ""15.1""}",39.14,2025-03-30 08:16:12,2025-02-27 20:01:11
dev_1668_fu58to,1668,"{""os"": ""iOS"", ""ver"": ""16.0""}",13.28,2025-04-08 02:12:17,2025-03-30 16:22:33
dev_1304_gfcflj,1304,"{""os"": ""iOS"", ""ver"": ""10.6""}",61.44,2025-09-29 12:46:04,2025-02-26 14:42:41
dev_1304_2qh8xu,1304,"{""os"": ""iOS"", ""ver"": ""13.4""}",89.2,2025-09-11 09:12:59,2024-11-16 10:54:24
dev_1542_ots98i,1542,"{""os"": ""iOS"", ""ver"": ""10.0""}",27.67,2025-09-08 02:52:19,2024-10-14 23:40:00
dev_1542_4zatz8,1542,"{""os"": ""Android"", ""ver"": ""10.6""}",27.59,2024-10-25 02:09:00,2025-02-10 21:29:24
dev_928_kqvb3l,928,"{""os"": ""iOS"", ""ver"": ""10.4""}",46.99,2025-08-05 17:16:51,2024-11-07 15:46:52
dev_1035_fqjegy,1035,"{""os"": ""iOS"", ""ver"": ""15.0""}",89.71,2025-08-09 12:22:48,2025-01-02 23:08:08
dev_536_lr6sak,536,"{""os"": ""Android"", ""ver"": ""14.0""}",38.28,2025-01-21 05:04:34,2025-01-25 23:13:05
dev_536_2pmiay,536,"{""os"": ""Android"", ""ver"": ""11.5""}",84.22,2025-09-11 06:48:25,2025-07-04 23:04:24
dev_336_jc2tr1,336,"{""os"": ""Android"", ""ver"": ""10.5""}",12.21,2024-11-25 06:41:13,2025-01-10 11:56:45
dev_67_da03da,67,"{""os"": ""iOS"", ""ver"": ""17.4""}",63.2,2025-09-18 01:03:45,2025-04-01 08:36:10
dev_67_lu6h2f,67,"{""os"": ""Android"", ""ver"": ""12.6""}",56.18,2024-12-15 01:24:45,2025-02-22 02:50:11
dev_127_4hufn4,127,"{""os"": ""iOS"", ""ver"": ""16.0""}",36.7,2025-06-29 20:05:18,2025-09-15 19:05:17
dev_127_ck3erv,127,"{""os"": ""Android"", ""ver"": ""11.2""}",64.52,2025-01-08 08:32:18,2024-12-23 02:59:34
dev_1326_okgk8m,1326,"{""os"": ""iOS"", ""ver"": ""11.4""}",90.11,2025-04-30 13:21:47,2025-05-18 21:29:42
dev_1326_8tebtl,1326,"{""os"": ""iOS"", ""ver"": ""14.6""}",70.12,2024-11-09 07:08:41,2025-01-08 18:46:02
dev_139_52iybh,139,"{""os"": ""Android"", ""ver"": ""12.3""}",24.07,2025-06-17 16:12:15,2025-01-13 12:04:57
dev_139_1duafa,139,"{""os"": ""iOS"", ""ver"": ""17.0""}",25.85,2025-09-26 23:46:13,2025-06-05 15:10:49
dev_586_7pkbrf,586,"{""os"": ""iOS"", ""ver"": ""12.7""}",31.45,2025-01-22 13:00:23,2025-03-08 19:32:11
dev_586_hsm8rt,586,"{""os"": ""iOS"", ""ver"": ""13.3""}",88.29,2025-09-16 14:31:33,2025-02-16 09:59:37
dev_174_v9tkrw,174,"{""os"": ""Android"", ""ver"": ""15.1""}",52.36,2025-03-21 06:01:22,2025-08-17 10:57:13
dev_1922_4os9gx,1922,"{""os"": ""iOS"", ""ver"": ""16.8""}",94.74,2025-03-25 10:39:32,2025-10-01 21:17:32
dev_1922_164s6c,1922,"{""os"": ""iOS"", ""ver"": ""17.9""}",4.69,2025-07-17 21:37:00,2025-07-13 15:15:07
dev_1717_nsatcq,1717,"{""os"": ""iOS"", ""ver"": ""12.4""}",10.09,2024-11-30 12:52:22,2025-02-17 13:03:36
dev_1717_phbchu,1717,"{""os"": ""iOS"", ""ver"": ""15.4""}",25.74,2025-01-10 18:27:54,2024-12-30 14:11:18
dev_553_72j7ij,553,"{""os"": ""Android"", ""ver"": ""16.7""}",91.6,2024-11-19 06:08:10,2025-03-25 08:53:21
dev_280_dc9ypp,280,"{""os"": ""Android"", ""ver"": ""14.0""}",32.02,2024-11-15 13:00:41,2024-12-17 17:43:09
dev_528_iaru4h,528,"{""os"": ""iOS"", ""ver"": ""15.3""}",43.88,2025-08-05 19:50:26,2025-01-12 15:51:49
dev_528_rk6m8r,528,"{""os"": ""iOS"", ""ver"": ""13.7""}",20.03,2025-08-31 00:44:24,2025-07-16 06:43:14
dev_804_ynerv8,804,"{""os"": ""Android"", ""ver"": ""13.3""}",83.51,2025-01-27 15:14:25,2025-07-19 18:42:02
dev_804_i3m5rp,804,"{""os"": ""iOS"", ""ver"": ""14.0""}",92.16,2025-02-25 16:06:20,2025-05-21 20:28:13
dev_29_61lqon,29,"{""os"": ""iOS"", ""ver"": ""17.8""}",66.22,2025-03-04 22:34:59,2024-11-20 06:30:37
dev_29_lm4fm2,29,"{""os"": ""Android"", ""ver"": ""17.2""}",61.01,2024-12-19 12:57:55,2025-09-10 18:12:14
dev_1973_ezqjpa,1973,"{""os"": ""Android"", ""ver"": ""14.1""}",22.77,2025-07-17 19:06:42,2025-06-11 14:47:10
dev_975_ys9w24,975,"{""os"": ""Android"", ""ver"": ""12.2""}",35.82,2025-06-01 19:39:39,2024-11-10 16:49:43
dev_975_0gopdi,975,"{""os"": ""Android"", ""ver"": ""15.7""}",26.87,2024-12-30 09:10:59,2024-12-26 23:42:15
dev_457_r7z3uo,457,"{""os"": ""Android"", ""ver"": ""13.5""}",0.41,2025-03-19 09:55:27,2025-09-13 08:15:37
dev_1725_3oko3v,1725,"{""os"": ""Android"", ""ver"": ""11.4""}",60.49,2025-09-20 14:26:28,2025-08-28 10:50:17
dev_1001_vpmx5l,1001,"{""os"": ""Android"", ""ver"": ""13.0""}",5.47,2025-02-08 16:10:33,2025-05-24 20:30:03
dev_348_x505xf,348,"{""os"": ""iOS"", ""ver"": ""15.2""}",82.13,2025-08-03 22:41:41,2024-11-02 15:02:50
dev_506_y3c1hd,506,"{""os"": ""Android"", ""ver"": ""15.6""}",56.96,2025-08-16 09:24:00,2025-02-22 08:55:01
dev_506_wyo653,506,"{""os"": ""iOS"", ""ver"": ""13.4""}",0.09,2025-07-25 22:02:58,2025-09-22 10:15:07
dev_1445_jfqp2i,1445,"{""os"": ""Android"", ""ver"": ""16.5""}",14.01,2025-03-02 22:06:11,2025-09-07 23:25:22
dev_1445_9k5yjc,1445,"{""os"": ""Android"", ""ver"": ""10.2""}",50.83,2024-10-15 14:12:23,2025-04-12 04:04:11
dev_1729_mv6rl7,1729,"{""os"": ""iOS"", ""ver"": ""10.4""}",72.36,2024-10-29 22:32:06,2025-04-27 05:06:39
dev_1729_8804fi,1729,"{""os"": ""iOS"", ""ver"": ""16.4""}",72.85,2025-09-28 11:04:50,2025-06-04 12:14:04
dev_1093_vrzk1i,1093,"{""os"": ""iOS"", ""ver"": ""14.5""}",67.91,2025-01-13 19:27:54,2025-01-26 11:38:18
dev_867_5b967e,867,"{""os"": ""Android"", ""ver"": ""14.9""}",48.08,2025-01-21 03:23:02,2024-11-05 00:17:56
dev_867_d2ow25,867,"{""os"": ""iOS"", ""ver"": ""10.9""}",57.23,2024-12-27 00:27:12,2025-05-13 04:44:37
dev_1763_uinjes,1763,"{""os"": ""Android"", ""ver"": ""15.8""}",34.87,2024-12-03 17:57:47,2025-09-14 04:31:05
dev_1996_scmnuu,1996,"{""os"": ""Android"", ""ver"": ""14.3""}",26.45,2025-04-12 21:16:26,2025-04-13 06:48:37
dev_1996_x9ihjc,1996,"{""os"": ""Android"", ""ver"": ""10.8""}",77.22,2025-03-10 11:19:10,2025-06-21 08:28:48
dev_725_vvklq0,725,"{""os"": ""Android"", ""ver"": ""15.9""}",2.05,2025-02-10 03:27:00,2024-10-21 06:34:21
dev_1186_scdcow,1186,"{""os"": ""iOS"", ""ver"": ""11.5""}",25.6,2025-01-28 14:54:45,2025-01-23 13:49:13
dev_1929_1wqrnb,1929,"{""os"": ""iOS"", ""ver"": ""15.0""}",63.85,2025-08-03 21:03:29,2024-11-01 03:09:26
dev_1748_pgjx19,1748,"{""os"": ""iOS"", ""ver"": ""16.5""}",45.3,2025-10-07 17:00:34,2024-12-02 15:56:41
dev_1844_jrrw24,1844,"{""os"": ""iOS"", ""ver"": ""17.9""}",92.46,2025-01-26 17:03:37,2024-11-03 23:05:52
dev_1444_zxww4h,1444,"{""os"": ""iOS"", ""ver"": ""14.5""}",27.71,2025-08-14 13:43:31,2025-01-03 02:53:40
dev_1727_qzusof,1727,"{""os"": ""iOS"", ""ver"": ""11.6""}",80.33,2025-04-12 07:15:32,2025-04-30 13:06:17
dev_1727_0lrk4t,1727,"{""os"": ""Android"", ""ver"": ""11.5""}",64.28,2025-06-17 04:02:24,2025-06-27 08:29:46
dev_660_u1cxx3,660,"{""os"": ""Android"", ""ver"": ""16.1""}",61.63,2025-03-07 07:37:08,2025-02-13 21:15:13
dev_660_mbeaab,660,"{""os"": ""Android"", ""ver"": ""16.4""}",66.29,2024-12-24 22:04:46,2025-01-14 18:10:24
dev_1904_1mw7i6,1904,"{""os"": ""iOS"", ""ver"": ""16.3""}",9.56,2024-10-16 10:58:03,2025-04-23 03:12:49
dev_1227_4nvguw,1227,"{""os"": ""iOS"", ""ver"": ""17.4""}",67.55,2025-03-26 04:14:59,2025-07-09 20:40:47
dev_1227_6yrgc5,1227,"{""os"": ""iOS"", ""ver"": ""14.3""}",53.91,2025-08-01 11:10:23,2025-09-25 18:53:12
dev_1452_qgd5kx,1452,"{""os"": ""Android"", ""ver"": ""11.9""}",70.65,2025-03-31 01:13:58,2025-04-30 14:08:44
dev_1452_81xgjh,1452,"{""os"": ""Android"", ""ver"": ""10.9""}",94.79,2025-07-28 17:06:50,2025-02-23 08:21:30
dev_1229_q7xolx,1229,"{""os"": ""iOS"", ""ver"": ""15.1""}",89.57,2025-07-21 22:20:30,2025-08-24 11:32:16
dev_1229_627dtq,1229,"{""os"": ""iOS"", ""ver"": ""17.5""}",57.91,2025-05-22 00:57:15,2025-03-31 19:59:13
dev_1976_8cooqn,1976,"{""os"": ""iOS"", ""ver"": ""11.5""}",5.46,2025-05-24 02:31:41,2025-05-23 11:00:57
dev_1976_1agxmn,1976,"{""os"": ""Android"", ""ver"": ""17.5""}",41.93,2024-11-14 20:41:41,2025-04-06 18:23:41
dev_936_0vr9dc,936,"{""os"": ""iOS"", ""ver"": ""16.8""}",32.44,2025-09-29 05:32:21,2025-06-08 02:11:52
dev_663_wk51gl,663,"{""os"": ""Android"", ""ver"": ""10.6""}",83.79,2025-03-30 22:53:37,2025-06-18 18:13:02
dev_1352_42l15f,1352,"{""os"": ""iOS"", ""ver"": ""17.8""}",7.03,2025-03-10 05:38:49,2024-12-17 03:42:01
dev_964_72nmce,964,"{""os"": ""iOS"", ""ver"": ""16.6""}",12.18,2024-12-04 09:04:55,2025-06-18 19:17:14
dev_1429_cujexu,1429,"{""os"": ""Android"", ""ver"": ""17.9""}",43.07,2025-06-28 07:17:10,2024-12-08 14:07:30
dev_1429_9ob7nb,1429,"{""os"": ""Android"", ""ver"": ""14.9""}",42.02,2025-09-04 05:39:17,2025-07-24 13:02:20
dev_895_ayrszq,895,"{""os"": ""iOS"", ""ver"": ""14.3""}",45.53,2024-11-24 20:23:12,2025-01-10 20:48:27
dev_437_9qjs7i,437,"{""os"": ""iOS"", ""ver"": ""17.1""}",89.94,2025-05-30 17:17:50,2025-04-21 13:34:23
dev_437_9a3g17,437,"{""os"": ""Android"", ""ver"": ""17.2""}",72.68,2025-08-26 08:40:46,2025-04-24 21:09:59
dev_1544_1scaft,1544,"{""os"": ""Android"", ""ver"": ""16.4""}",93.82,2024-11-15 06:44:09,2024-11-15 02:19:55
dev_1544_qpluyg,1544,"{""os"": ""iOS"", ""ver"": ""11.5""}",90.63,2025-03-13 11:48:56,2025-06-10 17:59:13
dev_1004_2exwns,1004,"{""os"": ""iOS"", ""ver"": ""13.6""}",80.71,2025-09-28 10:06:38,2025-05-20 19:02:45
dev_1439_k0kj1y,1439,"{""os"": ""iOS"", ""ver"": ""15.1""}",60.48,2025-06-16 12:37:59,2025-06-01 05:24:00
dev_1944_u59z9w,1944,"{""os"": ""iOS"", ""ver"": ""16.8""}",59.65,2025-09-28 12:21:49,2025-01-25 19:33:39
dev_1944_8bp7c8,1944,"{""os"": ""Android"", ""ver"": ""14.1""}",42.89,2024-11-15 19:32:09,2025-03-24 07:34:24
dev_1247_rqfvfa,1247,"{""os"": ""Android"", ""ver"": ""10.8""}",96.91,2025-04-16 16:10:39,2025-04-15 14:53:07
dev_1032_kyjxry,1032,"{""os"": ""Android"", ""ver"": ""17.2""}",28.49,2025-10-06 09:51:01,2025-06-13 08:55:53
dev_350_dc25dm,350,"{""os"": ""Android"", ""ver"": ""12.2""}",68.63,2024-12-01 00:00:36,2024-11-18 18:01:16
dev_1215_j8vv45,1215,"{""os"": ""iOS"", ""ver"": ""12.5""}",7.53,2024-12-20 09:41:22,2025-08-28 10:42:16
dev_1215_e5oh74,1215,"{""os"": ""iOS"", ""ver"": ""17.7""}",69.74,2025-02-09 09:04:18,2025-01-09 23:09:00
dev_471_4fsixm,471,"{""os"": ""Android"", ""ver"": ""14.3""}",69.41,2025-05-30 15:28:25,2025-07-08 07:44:29
dev_471_iwel4r,471,"{""os"": ""Android"", ""ver"": ""11.5""}",87.01,2025-08-18 03:23:50,2024-11-24 15:12:08
dev_59_93i6hn,59,"{""os"": ""iOS"", ""ver"": ""17.3""}",11.74,2025-04-29 04:59:42,2025-04-29 05:37:14
dev_59_yzfizd,59,"{""os"": ""iOS"", ""ver"": ""15.7""}",79.16,2025-03-01 23:12:14,2025-02-28 05:02:00
dev_697_r5naz4,697,"{""os"": ""Android"", ""ver"": ""15.8""}",4.43,2025-05-05 16:11:26,2025-07-13 12:44:49
dev_644_b4tsg0,644,"{""os"": ""Android"", ""ver"": ""12.9""}",18.93,2025-02-20 10:13:16,2025-03-04 05:20:41
dev_644_wnsqha,644,"{""os"": ""iOS"", ""ver"": ""15.5""}",53.85,2024-10-28 06:07:19,2025-03-09 05:50:27
dev_1022_7x89na,1022,"{""os"": ""iOS"", ""ver"": ""15.3""}",85.01,2024-11-17 18:42:47,2025-09-27 03:14:25
dev_979_1357p7,979,"{""os"": ""Android"", ""ver"": ""16.3""}",73.61,2025-08-25 02:27:48,2025-02-25 13:35:02
dev_979_vrs5y4,979,"{""os"": ""iOS"", ""ver"": ""12.8""}",93.5,2025-01-01 08:19:46,2025-07-11 05:36:24
dev_1178_95o3q0,1178,"{""os"": ""iOS"", ""ver"": ""17.6""}",26.98,2025-05-14 22:58:31,2025-08-12 05:17:50
dev_961_7fga8x,961,"{""os"": ""Android"", ""ver"": ""16.4""}",67.66,2025-08-02 13:39:28,2024-12-23 20:59:31
dev_961_esqu5n,961,"{""os"": ""Android"", ""ver"": ""13.9""}",59.88,2025-04-18 08:21:59,2025-09-20 21:04:34
dev_1937_sffn9s,1937,"{""os"": ""Android"", ""ver"": ""10.4""}",69.4,2025-02-02 16:36:56,2025-03-31 17:02:01
dev_1681_1ixwmv,1681,"{""os"": ""Android"", ""ver"": ""12.5""}",62.65,2024-10-22 13:54:21,2025-03-26 12:43:57
dev_1231_chgtwy,1231,"{""os"": ""iOS"", ""ver"": ""16.0""}",52.53,2025-08-24 10:56:14,2025-02-16 07:26:53
dev_1231_k06hoi,1231,"{""os"": ""Android"", ""ver"": ""10.8""}",65.02,2024-12-27 16:39:41,2025-05-16 01:33:50
dev_1314_h3eehp,1314,"{""os"": ""Android"", ""ver"": ""17.6""}",21.24,2024-12-27 02:55:35,2025-09-01 13:41:06
dev_1314_c7bksk,1314,"{""os"": ""iOS"", ""ver"": ""10.9""}",98.34,2024-12-21 17:17:39,2025-04-23 21:23:13
dev_1095_gtu8cs,1095,"{""os"": ""Android"", ""ver"": ""14.7""}",16.61,2025-08-24 02:45:13,2025-08-17 06:35:22
dev_1095_fnwpnh,1095,"{""os"": ""iOS"", ""ver"": ""13.1""}",13.29,2025-01-31 15:51:06,2025-08-11 18:45:59
dev_428_lz5rlt,428,"{""os"": ""iOS"", ""ver"": ""11.8""}",31.75,2025-07-16 10:11:21,2025-03-11 03:06:31
dev_799_4em5go,799,"{""os"": ""iOS"", ""ver"": ""10.9""}",34.41,2025-08-21 09:31:16,2025-09-30 08:32:27
dev_909_v41cow,909,"{""os"": ""iOS"", ""ver"": ""13.8""}",65.23,2025-09-01 03:13:46,2024-11-03 18:43:47
dev_909_8g4xu4,909,"{""os"": ""Android"", ""ver"": ""10.1""}",86.56,2025-05-20 20:56:12,2024-11-27 20:57:37
dev_890_5io7r6,890,"{""os"": ""iOS"", ""ver"": ""10.4""}",36.45,2024-10-17 14:15:54,2024-12-31 10:48:26
dev_33_06y5mi,33,"{""os"": ""iOS"", ""ver"": ""15.0""}",11.2,2025-03-18 04:14:34,2025-03-08 06:15:42
dev_33_lcl4j7,33,"{""os"": ""Android"", ""ver"": ""13.0""}",87.85,2025-04-07 08:21:09,2025-04-19 07:24:37
dev_1705_hevpb5,1705,"{""os"": ""iOS"", ""ver"": ""14.0""}",47.78,2025-08-22 11:51:02,2025-06-27 22:45:51
dev_639_oiuinx,639,"{""os"": ""Android"", ""ver"": ""17.4""}",20.06,2024-12-04 07:23:08,2024-12-11 23:24:55
dev_639_5aa2ko,639,"{""os"": ""Android"", ""ver"": ""17.5""}",4.38,2024-10-08 23:46:47,2025-03-02 16:09:16
dev_1475_xjn82i,1475,"{""os"": ""Android"", ""ver"": ""15.5""}",51.09,2024-10-29 00:29:39,2025-03-25 00:35:57
dev_1282_cs16ah,1282,"{""os"": ""iOS"", ""ver"": ""11.6""}",97.75,2025-08-16 13:13:20,2025-01-14 15:08:01
dev_205_oav41b,205,"{""os"": ""Android"", ""ver"": ""11.9""}",92.5,2025-03-23 18:16:03,2025-02-08 11:59:10
dev_83_2kdoff,83,"{""os"": ""Android"", ""ver"": ""13.9""}",67.39,2025-04-14 19:35:47,2025-01-06 11:53:48
dev_83_u1r8a5,83,"{""os"": ""Android"", ""ver"": ""17.1""}",88.98,2025-06-14 21:06:29,2024-10-29 22:42:49
dev_756_knkj20,756,"{""os"": ""Android"", ""ver"": ""11.9""}",93.56,2025-05-10 22:47:43,2025-06-20 08:43:25
dev_1964_nnaubf,1964,"{""os"": ""iOS"", ""ver"": ""16.9""}",35.01,2025-02-11 03:56:26,2025-04-30 19:36:20
dev_1964_6j3yvh,1964,"{""os"": ""iOS"", ""ver"": ""10.9""}",2.48,2025-01-16 05:15:45,2025-05-28 23:17:41
dev_448_xezxpf,448,"{""os"": ""iOS"", ""ver"": ""16.0""}",43.97,2025-08-12 17:09:24,2025-09-08 19:29:25
dev_1240_gnm6hx,1240,"{""os"": ""iOS"", ""ver"": ""14.1""}",45.01,2025-07-06 04:16:17,2025-01-03 10:02:38
dev_559_kcnydi,559,"{""os"": ""Android"", ""ver"": ""10.5""}",77.14,2025-05-24 14:52:54,2025-07-16 14:54:34
dev_559_egh1vo,559,"{""os"": ""iOS"", ""ver"": ""10.8""}",16.36,2024-12-13 19:39:29,2024-11-09 22:10:57
dev_1495_8ec4nn,1495,"{""os"": ""Android"", ""ver"": ""17.6""}",25.97,2024-12-28 22:07:20,2025-03-28 04:53:43
dev_1495_lbjm0c,1495,"{""os"": ""Android"", ""ver"": ""13.9""}",58.03,2025-07-21 22:06:04,2025-02-12 10:30:03
dev_1378_sefmm3,1378,"{""os"": ""Android"", ""ver"": ""13.8""}",67.62,2025-07-22 23:20:01,2024-10-24 22:55:29
dev_1097_ag75to,1097,"{""os"": ""iOS"", ""ver"": ""11.9""}",79.17,2025-01-12 09:47:00,2025-04-14 04:18:33
dev_212_3154ma,212,"{""os"": ""Android"", ""ver"": ""17.3""}",88.96,2024-10-30 15:21:44,2025-06-16 09:08:12
dev_649_usa0wq,649,"{""os"": ""Android"", ""ver"": ""12.1""}",58.17,2024-11-12 06:35:25,2025-09-30 23:06:48
dev_10_45ubmr,10,"{""os"": ""Android"", ""ver"": ""15.4""}",2.45,2025-02-27 13:32:53,2025-08-10 23:48:15
dev_1581_s2qtke,1581,"{""os"": ""Android"", ""ver"": ""15.6""}",49.53,2024-12-01 23:37:12,2024-12-06 18:15:15
dev_575_ugofrg,575,"{""os"": ""Android"", ""ver"": ""13.7""}",75.6,2025-07-03 11:57:38,2024-11-28 08:11:55
dev_1674_lol3d7,1674,"{""os"": ""iOS"", ""ver"": ""13.4""}",19.12,2025-02-21 20:36:31,2025-01-16 11:20:07
dev_1712_fusnzd,1712,"{""os"": ""Android"", ""ver"": ""10.5""}",81.03,2024-11-22 07:54:39,2024-12-15 07:18:33
dev_1167_2fj5pi,1167,"{""os"": ""Android"", ""ver"": ""13.7""}",24.94,2025-09-16 08:36:58,2025-06-20 08:19:47
dev_1167_sjkg4r,1167,"{""os"": ""iOS"", ""ver"": ""16.8""}",14.29,2025-08-07 08:41:20,2025-08-15 00:37:18
dev_115_n6ahqr,115,"{""os"": ""iOS"", ""ver"": ""15.4""}",12.1,2025-04-26 22:21:47,2025-03-09 23:57:11
dev_115_q7gx2s,115,"{""os"": ""Android"", ""ver"": ""12.6""}",40.24,2025-02-08 11:52:25,2025-09-30 10:34:01
dev_485_igetns,485,"{""os"": ""iOS"", ""ver"": ""16.5""}",90.2,2025-10-03 16:10:12,2025-01-11 09:20:58
dev_485_62jcyb,485,"{""os"": ""iOS"", ""ver"": ""14.4""}",94.8,2025-07-06 14:50:07,2025-01-13 04:51:45
dev_699_chyb7t,699,"{""os"": ""iOS"", ""ver"": ""16.3""}",7.82,2024-12-25 03:57:51,2024-10-21 07:39:30
dev_699_sg61vh,699,"{""os"": ""iOS"", ""ver"": ""14.5""}",0.68,2025-06-14 10:56:59,2024-11-14 15:58:02
dev_1656_jeckou,1656,"{""os"": ""Android"", ""ver"": ""13.8""}",69.04,2025-03-14 14:51:47,2025-08-21 03:39:41
dev_889_7rezw3,889,"{""os"": ""iOS"", ""ver"": ""11.5""}",34.54,2025-06-24 11:04:12,2024-12-17 04:19:08
dev_1520_ytbghr,1520,"{""os"": ""Android"", ""ver"": ""10.3""}",24.44,2025-05-03 08:25:24,2025-02-08 16:05:47
dev_1520_qasl9q,1520,"{""os"": ""Android"", ""ver"": ""14.8""}",50.88,2025-10-07 22:44:41,2024-10-19 09:58:00
dev_1901_vptgsi,1901,"{""os"": ""iOS"", ""ver"": ""15.9""}",22.33,2025-09-09 14:49:13,2025-07-22 04:22:34
dev_1797_xsjuil,1797,"{""os"": ""Android"", ""ver"": ""12.3""}",94.64,2025-07-12 09:30:48,2025-02-27 04:58:29
dev_1797_w3o4dp,1797,"{""os"": ""iOS"", ""ver"": ""13.0""}",81.76,2025-03-23 16:55:37,2024-12-31 10:00:01
dev_1087_ykr9j9,1087,"{""os"": ""iOS"", ""ver"": ""10.4""}",29.49,2025-08-17 05:18:00,2025-09-19 14:36:48
dev_729_1etllg,729,"{""os"": ""Android"", ""ver"": ""16.1""}",47.96,2025-06-18 06:20:19,2025-02-19 18:21:02
dev_1572_ao1wxl,1572,"{""os"": ""iOS"", ""ver"": ""13.6""}",55.73,2024-12-15 09:16:36,2025-03-04 21:58:18
dev_1572_1kzvjh,1572,"{""os"": ""Android"", ""ver"": ""16.3""}",67.55,2025-02-07 21:32:32,2025-03-10 07:57:07
dev_1130_mmqz6n,1130,"{""os"": ""iOS"", ""ver"": ""14.5""}",50.51,2025-03-12 08:23:08,2025-01-07 16:23:22
dev_1130_6gktuf,1130,"{""os"": ""Android"", ""ver"": ""10.4""}",13.05,2025-05-25 23:15:30,2025-10-07 04:25:40
dev_1296_3oxf93,1296,"{""os"": ""iOS"", ""ver"": ""15.9""}",55.54,2025-09-02 20:34:48,2025-08-15 10:56:48
dev_1296_8po1va,1296,"{""os"": ""iOS"", ""ver"": ""14.3""}",49.08,2025-08-23 12:18:32,2025-07-20 19:09:25
dev_840_snles1,840,"{""os"": ""iOS"", ""ver"": ""17.0""}",86.66,2025-01-25 03:32:00,2024-11-24 03:32:47
dev_1268_iwby2v,1268,"{""os"": ""iOS"", ""ver"": ""15.0""}",6.6,2025-03-16 21:28:17,2025-02-21 21:48:01
dev_1660_lknwt9,1660,"{""os"": ""Android"", ""ver"": ""10.5""}",39.43,2025-04-19 23:37:01,2025-02-06 03:25:01
dev_1660_sw8kbo,1660,"{""os"": ""iOS"", ""ver"": ""16.6""}",82.8,2025-03-15 08:38:09,2024-11-05 22:35:09
dev_785_9po2fk,785,"{""os"": ""Android"", ""ver"": ""16.9""}",46.3,2024-12-11 07:44:29,2025-01-21 07:59:18
dev_1872_h16359,1872,"{""os"": ""Android"", ""ver"": ""17.5""}",84.7,2025-04-07 01:29:56,2025-03-22 10:27:40
dev_1872_ng1gag,1872,"{""os"": ""iOS"", ""ver"": ""14.9""}",70.44,2025-02-28 13:38:49,2025-03-18 21:20:14
dev_1468_t273eq,1468,"{""os"": ""Android"", ""ver"": ""10.4""}",10.8,2024-11-16 10:21:14,2025-07-02 19:48:46
dev_31_7sjd2o,31,"{""os"": ""iOS"", ""ver"": ""17.9""}",5.65,2025-07-17 05:18:38,2024-11-07 12:57:26
dev_1265_5vyk7c,1265,"{""os"": ""iOS"", ""ver"": ""11.3""}",27.47,2024-10-08 23:17:22,2025-04-22 19:04:00
dev_859_7rmn41,859,"{""os"": ""Android"", ""ver"": ""12.3""}",5.74,2024-11-15 03:25:58,2025-03-08 22:22:56
dev_434_59pcyd,434,"{""os"": ""iOS"", ""ver"": ""14.1""}",23.61,2025-02-02 18:29:15,2025-02-03 21:14:49
dev_434_9v2xx0,434,"{""os"": ""iOS"", ""ver"": ""14.9""}",38.3,2025-06-19 18:01:59,2025-08-29 13:36:42
dev_732_qlq93b,732,"{""os"": ""Android"", ""ver"": ""15.4""}",67.0,2025-07-17 15:28:41,2024-10-13 12:19:45
dev_732_5kku0e,732,"{""os"": ""Android"", ""ver"": ""16.9""}",27.88,2025-08-09 02:29:36,2024-10-28 20:55:08
dev_630_r1s4vu,630,"{""os"": ""iOS"", ""ver"": ""17.8""}",42.39,2024-12-24 08:12:12,2025-05-10 06:37:12
dev_630_tiv06k,630,"{""os"": ""iOS"", ""ver"": ""14.4""}",26.04,2025-05-20 04:17:16,2025-02-17 09:07:44
dev_1386_ekmfuc,1386,"{""os"": ""Android"", ""ver"": ""14.7""}",82.72,2025-07-17 15:03:31,2025-02-08 00:58:28
dev_1386_6q95ie,1386,"{""os"": ""Android"", ""ver"": ""16.0""}",23.92,2025-01-03 04:56:25,2024-12-27 09:56:28
dev_959_lsvyya,959,"{""os"": ""Android"", ""ver"": ""17.7""}",45.91,2025-02-10 22:01:36,2025-09-24 07:11:55
dev_805_uyh2w9,805,"{""os"": ""Android"", ""ver"": ""17.9""}",93.03,2025-02-06 23:59:01,2024-10-27 20:42:33
dev_36_d91coo,36,"{""os"": ""Android"", ""ver"": ""16.1""}",40.38,2025-06-12 02:49:27,2024-12-25 20:47:06
dev_996_2eah0o,996,"{""os"": ""Android"", ""ver"": ""16.4""}",2.72,2025-06-01 20:25:06,2025-03-19 21:44:02
dev_669_uq1ik8,669,"{""os"": ""iOS"", ""ver"": ""14.9""}",64.98,2025-05-15 07:18:45,2025-08-03 07:06:11
dev_669_xnbtbc,669,"{""os"": ""iOS"", ""ver"": ""13.4""}",91.79,2025-07-17 15:40:36,2025-10-05 10:12:40
dev_168_3m4lkm,168,"{""os"": ""Android"", ""ver"": ""16.9""}",3.94,2025-08-29 13:11:01,2025-07-15 03:06:53
dev_1926_d6ek86,1926,"{""os"": ""iOS"", ""ver"": ""15.7""}",32.71,2024-10-21 01:21:08,2024-10-19 05:46:33
dev_1907_pp4xgq,1907,"{""os"": ""iOS"", ""ver"": ""13.3""}",23.9,2025-04-23 19:11:57,2024-11-27 23:45:24
dev_1907_6atjlo,1907,"{""os"": ""Android"", ""ver"": ""11.6""}",86.88,2024-11-01 04:41:19,2024-12-18 21:48:59
dev_179_0kaclw,179,"{""os"": ""Android"", ""ver"": ""13.2""}",63.84,2025-04-04 05:57:07,2025-06-23 01:45:43
dev_117_n6npc3,117,"{""os"": ""iOS"", ""ver"": ""13.8""}",28.04,2025-03-12 18:30:17,2024-10-29 04:45:05
dev_117_pkb571,117,"{""os"": ""iOS"", ""ver"": ""11.4""}",67.96,2025-04-22 03:21:00,2025-04-18 11:44:42
dev_182_3mz3e9,182,"{""os"": ""Android"", ""ver"": ""10.7""}",69.36,2025-01-21 07:59:13,2025-06-03 16:37:04
dev_182_kz24i1,182,"{""os"": ""iOS"", ""ver"": ""17.4""}",61.84,2025-01-24 23:31:01,2025-09-29 21:26:29
dev_1025_ybm71p,1025,"{""os"": ""Android"", ""ver"": ""11.2""}",5.95,2024-11-28 10:13:44,2024-11-04 12:13:44
dev_596_dw2mvh,596,"{""os"": ""Android"", ""ver"": ""12.5""}",23.84,2025-10-09 02:37:16,2025-08-09 23:34:44
dev_596_tni12j,596,"{""os"": ""iOS"", ""ver"": ""10.5""}",25.42,2025-10-01 08:50:30,2024-12-14 05:03:55
dev_266_dm78ui,266,"{""os"": ""Android"", ""ver"": ""13.9""}",2.7,2025-09-20 02:20:06,2025-05-22 11:59:07
dev_1867_80fnal,1867,"{""os"": ""Android"", ""ver"": ""15.5""}",93.93,2025-03-28 05:41:34,2025-01-24 00:05:27
dev_1808_n20py4,1808,"{""os"": ""iOS"", ""ver"": ""13.9""}",58.05,2025-05-14 03:30:49,2025-09-03 09:59:45
dev_1808_um8smq,1808,"{""os"": ""Android"", ""ver"": ""12.8""}",94.02,2025-10-01 14:28:00,2025-04-17 17:30:34
dev_1359_03iqhy,1359,"{""os"": ""iOS"", ""ver"": ""16.5""}",63.12,2024-12-11 16:02:27,2025-05-12 20:21:09
dev_281_31mpyy,281,"{""os"": ""Android"", ""ver"": ""17.0""}",89.6,2025-07-20 18:46:34,2025-08-19 15:36:59
dev_778_mql2tb,778,"{""os"": ""iOS"", ""ver"": ""10.7""}",34.14,2024-11-04 06:27:00,2025-09-16 01:53:28
dev_778_o6659h,778,"{""os"": ""iOS"", ""ver"": ""16.4""}",91.96,2025-06-02 17:35:34,2025-01-29 04:08:47
dev_637_bk232a,637,"{""os"": ""Android"", ""ver"": ""13.1""}",57.42,2025-08-28 15:21:25,2024-11-08 12:20:42
dev_1343_eg11rg,1343,"{""os"": ""iOS"", ""ver"": ""16.9""}",80.55,2025-06-02 06:30:23,2025-03-02 08:03:49
dev_1801_opr9ru,1801,"{""os"": ""Android"", ""ver"": ""12.7""}",34.17,2025-04-05 06:08:51,2024-10-16 10:09:41
dev_1801_tdy61a,1801,"{""os"": ""iOS"", ""ver"": ""11.6""}",8.01,2025-01-14 03:00:56,2025-07-10 07:46:17
dev_213_fub4rc,213,"{""os"": ""Android"", ""ver"": ""16.4""}",21.08,2025-09-19 15:03:01,2025-03-30 10:11:17
dev_213_2f4iof,213,"{""os"": ""iOS"", ""ver"": ""14.6""}",83.68,2025-06-02 00:50:48,2025-02-09 06:51:27
dev_1079_n2cqxr,1079,"{""os"": ""Android"", ""ver"": ""12.1""}",25.56,2025-01-04 06:46:39,2025-09-19 08:53:10
dev_48_fvsjw7,48,"{""os"": ""iOS"", ""ver"": ""11.1""}",45.61,2025-04-15 20:50:39,2025-05-23 18:08:27
dev_48_wy0tn1,48,"{""os"": ""Android"", ""ver"": ""10.3""}",80.56,2025-06-15 20:33:42,2024-11-21 18:16:43
dev_1608_w17179,1608,"{""os"": ""iOS"", ""ver"": ""13.7""}",52.93,2025-01-05 20:25:30,2025-05-01 05:09:45
dev_1608_hbalhj,1608,"{""os"": ""iOS"", ""ver"": ""10.4""}",61.19,2025-01-04 04:43:50,2025-09-25 18:12:42
dev_268_af8qmq,268,"{""os"": ""iOS"", ""ver"": ""16.4""}",78.99,2025-08-24 19:37:04,2025-06-23 15:48:32
dev_569_md4f9h,569,"{""os"": ""iOS"", ""ver"": ""15.8""}",16.39,2025-02-08 04:41:15,2025-03-25 02:52:22
dev_708_5t620j,708,"{""os"": ""iOS"", ""ver"": ""16.1""}",10.73,2025-04-03 16:47:16,2025-09-29 00:03:09
dev_1193_ziol3q,1193,"{""os"": ""Android"", ""ver"": ""12.1""}",9.99,2025-02-24 07:10:22,2024-10-14 20:20:09
dev_1193_satd9x,1193,"{""os"": ""Android"", ""ver"": ""16.6""}",97.42,2025-04-04 06:23:01,2025-08-26 22:54:54
dev_601_7r3qcq,601,"{""os"": ""iOS"", ""ver"": ""16.8""}",41.04,2024-11-12 19:17:56,2025-05-21 19:48:26
dev_125_dri54p,125,"{""os"": ""Android"", ""ver"": ""13.7""}",29.18,2025-07-05 22:35:19,2025-07-12 23:30:33
dev_125_q7t4xr,125,"{""os"": ""Android"", ""ver"": ""13.9""}",37.39,2025-03-24 12:15:34,2025-03-26 09:49:52
dev_1028_09xx0b,1028,"{""os"": ""Android"", ""ver"": ""10.9""}",35.29,2024-11-13 08:49:13,2024-10-26 19:03:12
dev_715_m9dvny,715,"{""os"": ""iOS"", ""ver"": ""12.3""}",5.8,2025-05-04 17:18:50,2025-01-31 05:34:25
dev_1611_zpzn8v,1611,"{""os"": ""Android"", ""ver"": ""13.3""}",80.44,2025-01-24 00:28:00,2025-08-23 20:44:27
dev_1611_e1yu96,1611,"{""os"": ""iOS"", ""ver"": ""16.2""}",54.75,2025-01-22 07:53:55,2025-04-27 20:11:30
dev_1243_b36a7t,1243,"{""os"": ""Android"", ""ver"": ""11.8""}",21.55,2025-06-29 01:05:21,2024-12-23 03:36:42
dev_1243_olsy7r,1243,"{""os"": ""iOS"", ""ver"": ""14.7""}",14.5,2024-10-15 01:34:54,2025-08-21 19:37:02
dev_1297_ndt0iw,1297,"{""os"": ""Android"", ""ver"": ""17.4""}",13.05,2024-11-16 03:44:59,2025-07-29 20:50:21
dev_1297_t0sazw,1297,"{""os"": ""Android"", ""ver"": ""11.6""}",67.2,2024-12-26 13:36:58,2025-09-18 14:48:30
dev_480_msffrh,480,"{""os"": ""iOS"", ""ver"": ""12.5""}",52.12,2025-08-03 14:39:57,2025-02-12 20:44:52
dev_480_9ia2w9,480,"{""os"": ""Android"", ""ver"": ""14.7""}",42.53,2025-07-08 06:22:14,2025-05-06 20:28:18
dev_659_sl1ogr,659,"{""os"": ""iOS"", ""ver"": ""17.1""}",24.75,2024-10-21 11:08:49,2025-07-27 12:10:07
dev_659_tlxbwl,659,"{""os"": ""iOS"", ""ver"": ""15.7""}",25.98,2025-04-21 15:53:54,2025-09-16 17:25:19
dev_831_ptseti,831,"{""os"": ""iOS"", ""ver"": ""17.6""}",4.65,2025-01-08 02:31:04,2025-06-30 22:19:15
dev_831_vtw5ej,831,"{""os"": ""iOS"", ""ver"": ""14.8""}",53.68,2025-03-25 10:30:22,2024-11-04 04:11:17
dev_765_3lrzmo,765,"{""os"": ""Android"", ""ver"": ""11.1""}",64.47,2024-12-16 11:11:34,2025-08-15 09:52:56
dev_765_xk15ux,765,"{""os"": ""iOS"", ""ver"": ""12.9""}",50.64,2024-11-10 02:30:09,2025-05-01 16:08:41
dev_493_k9zyer,493,"{""os"": ""iOS"", ""ver"": ""17.7""}",69.73,2025-04-27 21:02:44,2024-11-11 16:47:44
dev_493_9h4avy,493,"{""os"": ""Android"", ""ver"": ""14.7""}",56.99,2025-06-02 10:33:33,2025-01-13 10:59:48
dev_689_b25t0f,689,"{""os"": ""iOS"", ""ver"": ""16.4""}",82.81,2024-12-03 12:34:44,2025-03-23 23:12:27
dev_323_bzipl3,323,"{""os"": ""Android"", ""ver"": ""17.2""}",52.47,2025-07-15 02:24:14,2024-12-31 21:03:29
dev_323_lgo9tn,323,"{""os"": ""iOS"", ""ver"": ""11.8""}",76.84,2025-01-21 10:34:39,2025-10-06 02:03:38
dev_567_a7qf85,567,"{""os"": ""Android"", ""ver"": ""12.2""}",5.11,2025-07-04 10:42:08,2025-02-19 08:30:06
dev_1313_9t6p07,1313,"{""os"": ""iOS"", ""ver"": ""17.6""}",94.48,2025-03-23 04:58:37,2025-08-12 21:44:01
dev_501_c4z99c,501,"{""os"": ""iOS"", ""ver"": ""12.7""}",73.39,2024-11-26 05:00:05,2024-10-18 13:25:47
dev_501_l3fuht,501,"{""os"": ""iOS"", ""ver"": ""14.9""}",16.75,2025-03-24 03:46:45,2024-12-26 13:51:24
dev_1724_xjlvbf,1724,"{""os"": ""iOS"", ""ver"": ""13.5""}",36.32,2025-01-13 16:42:49,2025-04-13 18:29:01
dev_1724_4fshoh,1724,"{""os"": ""iOS"", ""ver"": ""16.1""}",66.26,2025-09-25 22:19:15,2025-04-27 14:51:33
dev_1832_nawvdz,1832,"{""os"": ""iOS"", ""ver"": ""14.1""}",42.86,2024-12-23 23:08:11,2024-11-21 11:05:20
dev_1832_fbq2sy,1832,"{""os"": ""iOS"", ""ver"": ""14.5""}",85.08,2025-01-05 08:07:29,2025-09-02 14:35:31
dev_929_rfk2k0,929,"{""os"": ""Android"", ""ver"": ""14.0""}",84.17,2024-12-18 04:43:22,2025-03-08 04:22:32
dev_1565_mta5x9,1565,"{""os"": ""iOS"", ""ver"": ""10.5""}",45.68,2025-09-29 08:08:40,2024-12-21 16:56:50
dev_1565_kh1xll,1565,"{""os"": ""iOS"", ""ver"": ""12.5""}",34.38,2024-10-16 21:28:00,2024-11-17 19:43:01
dev_1683_ztpvad,1683,"{""os"": ""iOS"", ""ver"": ""12.3""}",38.02,2025-07-23 01:07:21,2024-10-14 04:15:09
dev_1868_w9krbe,1868,"{""os"": ""Android"", ""ver"": ""11.9""}",69.26,2025-03-21 11:22:18,2025-02-22 06:00:33
dev_1868_ljpwm8,1868,"{""os"": ""Android"", ""ver"": ""12.4""}",53.27,2025-02-03 00:33:10,2025-02-16 21:00:11
dev_678_887tle,678,"{""os"": ""iOS"", ""ver"": ""11.0""}",3.7,2024-10-20 19:51:58,2025-06-04 01:20:49
dev_78_l1caj1,78,"{""os"": ""iOS"", ""ver"": ""12.2""}",19.48,2025-04-30 14:32:48,2025-02-06 22:32:09
dev_78_qh1ptx,78,"{""os"": ""iOS"", ""ver"": ""17.6""}",34.42,2025-02-20 21:57:54,2025-04-09 22:26:02
dev_916_lolnta,916,"{""os"": ""Android"", ""ver"": ""16.4""}",98.58,2025-01-25 17:42:14,2025-01-14 04:57:35
dev_1481_l9ribg,1481,"{""os"": ""Android"", ""ver"": ""14.6""}",64.11,2025-04-18 01:59:30,2025-06-09 00:40:00
dev_1481_qsejws,1481,"{""os"": ""Android"", ""ver"": ""17.0""}",28.66,2025-08-09 23:43:58,2025-04-02 09:47:12
dev_855_xn1rp6,855,"{""os"": ""iOS"", ""ver"": ""11.8""}",10.44,2025-03-21 11:27:51,2025-08-09 03:52:00
dev_855_tp5xmu,855,"{""os"": ""iOS"", ""ver"": ""12.9""}",52.45,2025-08-18 04:07:01,2025-06-04 11:29:16
dev_1397_kww46z,1397,"{""os"": ""iOS"", ""ver"": ""10.1""}",71.38,2025-03-29 18:59:43,2024-10-17 18:17:34
dev_743_7gbjwa,743,"{""os"": ""Android"", ""ver"": ""12.7""}",9.94,2025-05-30 02:56:14,2024-10-23 19:56:13
dev_743_ujjv8l,743,"{""os"": ""Android"", ""ver"": ""16.8""}",53.32,2025-06-22 16:39:34,2025-03-10 08:06:08
dev_1585_wd7x2n,1585,"{""os"": ""Android"", ""ver"": ""10.8""}",29.29,2025-08-28 12:33:26,2025-03-10 11:58:07
dev_1585_l06qub,1585,"{""os"": ""iOS"", ""ver"": ""15.3""}",66.33,2025-08-01 19:46:50,2025-09-28 21:34:46
dev_661_zrc69t,661,"{""os"": ""Android"", ""ver"": ""15.9""}",36.74,2025-02-24 19:39:06,2024-12-19 23:22:56
dev_661_n5dgsi,661,"{""os"": ""Android"", ""ver"": ""13.7""}",86.68,2025-08-14 16:07:44,2024-10-19 02:16:00
dev_940_ulgi0j,940,"{""os"": ""iOS"", ""ver"": ""13.2""}",81.09,2024-10-19 16:16:13,2025-09-11 04:28:29
dev_940_klr719,940,"{""os"": ""Android"", ""ver"": ""14.3""}",33.29,2025-05-17 13:20:09,2025-08-05 16:20:36
dev_458_hrbhqw,458,"{""os"": ""iOS"", ""ver"": ""12.8""}",74.36,2025-09-16 21:13:18,2025-10-07 12:05:01
dev_458_4n3jhy,458,"{""os"": ""iOS"", ""ver"": ""12.6""}",97.05,2025-06-25 02:07:33,2025-04-04 20:34:32
dev_1643_cog2xr,1643,"{""os"": ""iOS"", ""ver"": ""15.2""}",9.46,2025-08-25 01:16:33,2024-10-26 11:46:26
dev_1643_8im5rx,1643,"{""os"": ""Android"", ""ver"": ""15.0""}",26.32,2024-11-05 23:42:36,2025-01-07 21:49:43
dev_517_nw139m,517,"{""os"": ""Android"", ""ver"": ""12.2""}",25.65,2025-04-28 21:57:18,2025-06-10 09:24:51
dev_1148_689wan,1148,"{""os"": ""iOS"", ""ver"": ""17.5""}",84.56,2025-07-17 03:55:17,2025-05-25 09:11:39
dev_1148_sbnu69,1148,"{""os"": ""iOS"", ""ver"": ""13.5""}",36.6,2025-04-08 20:26:19,2025-06-08 16:31:58
dev_1535_vc1u5w,1535,"{""os"": ""Android"", ""ver"": ""14.8""}",79.02,2024-12-16 14:39:38,2025-09-18 09:28:29
dev_1535_5zr834,1535,"{""os"": ""iOS"", ""ver"": ""17.9""}",97.36,2025-08-05 20:17:07,2024-11-20 20:55:52
dev_1489_ukkq6a,1489,"{""os"": ""Android"", ""ver"": ""15.0""}",33.31,2024-10-26 20:48:31,2025-04-14 23:18:02
dev_723_xl75r2,723,"{""os"": ""iOS"", ""ver"": ""12.3""}",16.92,2025-07-08 09:32:07,2025-06-02 02:19:22
dev_1819_cicdbp,1819,"{""os"": ""Android"", ""ver"": ""11.3""}",38.18,2025-06-07 22:41:41,2024-12-11 08:12:36
dev_1856_49fb4t,1856,"{""os"": ""iOS"", ""ver"": ""12.2""}",21.63,2024-12-29 20:05:58,2024-10-27 06:40:40
dev_317_a1w7kf,317,"{""os"": ""iOS"", ""ver"": ""12.4""}",23.99,2025-07-25 02:38:34,2024-10-21 06:16:53
dev_317_1cagq7,317,"{""os"": ""iOS"", ""ver"": ""12.4""}",66.23,2025-04-22 08:50:05,2024-11-14 13:43:55
dev_677_uziifl,677,"{""os"": ""Android"", ""ver"": ""11.7""}",99.74,2025-07-06 13:38:49,2025-05-18 16:09:25
dev_677_j02k6t,677,"{""os"": ""Android"", ""ver"": ""17.9""}",93.39,2025-06-20 21:22:51,2025-09-04 01:03:15
dev_156_taqvo6,156,"{""os"": ""iOS"", ""ver"": ""16.0""}",12.89,2025-07-05 06:37:41,2025-04-20 19:39:57
dev_1714_4fc06h,1714,"{""os"": ""iOS"", ""ver"": ""12.4""}",32.13,2024-12-06 15:13:08,2024-12-20 17:55:55
dev_1714_z5h0gk,1714,"{""os"": ""iOS"", ""ver"": ""11.4""}",43.22,2024-12-09 05:14:41,2025-07-17 04:17:41
dev_1571_84hzcs,1571,"{""os"": ""Android"", ""ver"": ""12.2""}",21.75,2024-12-06 10:03:06,2025-03-26 05:48:23
dev_1593_y15k94,1593,"{""os"": ""iOS"", ""ver"": ""14.4""}",7.44,2025-05-02 22:44:56,2025-07-19 04:18:52
dev_1593_vf3nys,1593,"{""os"": ""iOS"", ""ver"": ""13.5""}",3.46,2025-03-11 05:22:47,2024-10-18 12:43:43
dev_1525_h8kmhm,1525,"{""os"": ""iOS"", ""ver"": ""13.8""}",44.68,2024-11-13 13:51:39,2025-04-05 12:20:42
dev_1129_03vm1u,1129,"{""os"": ""Android"", ""ver"": ""15.8""}",48.22,2024-12-20 22:29:15,2025-09-08 16:32:44
dev_595_m6egzg,595,"{""os"": ""iOS"", ""ver"": ""17.0""}",55.96,2025-09-03 14:46:10,2025-02-27 13:06:53
dev_1651_skykz1,1651,"{""os"": ""iOS"", ""ver"": ""11.4""}",54.77,2025-04-04 11:32:15,2025-03-28 21:51:03
dev_1651_bwne4q,1651,"{""os"": ""iOS"", ""ver"": ""12.5""}",81.88,2024-10-27 21:38:06,2024-11-18 01:27:03
dev_938_20c1n0,938,"{""os"": ""iOS"", ""ver"": ""14.1""}",14.28,2024-11-05 20:12:32,2025-02-22 19:44:44
dev_1214_27380u,1214,"{""os"": ""Android"", ""ver"": ""17.0""}",24.84,2025-03-06 01:21:41,2025-07-14 00:32:42
dev_1312_19fpj0,1312,"{""os"": ""iOS"", ""ver"": ""12.6""}",63.39,2025-05-11 03:02:08,2025-05-10 08:56:01
dev_1312_z649hc,1312,"{""os"": ""iOS"", ""ver"": ""14.3""}",79.49,2025-09-16 12:54:26,2025-09-05 22:52:01
dev_106_txb60i,106,"{""os"": ""iOS"", ""ver"": ""12.2""}",99.14,2025-07-17 20:26:18,2025-05-20 13:43:01
dev_106_ppqpxy,106,"{""os"": ""Android"", ""ver"": ""14.2""}",50.63,2024-11-22 02:35:42,2025-09-20 18:04:41
dev_169_qcbcbe,169,"{""os"": ""Android"", ""ver"": ""10.5""}",39.17,2024-11-16 00:14:40,2025-08-05 07:15:15
dev_1704_0rzxaj,1704,"{""os"": ""iOS"", ""ver"": ""10.0""}",43.93,2024-10-17 04:03:59,2024-10-22 08:28:13
dev_1008_7gbuhz,1008,"{""os"": ""Android"", ""ver"": ""14.0""}",88.82,2025-08-27 06:19:58,2025-09-02 08:55:17
dev_1008_qyj8c2,1008,"{""os"": ""Android"", ""ver"": ""10.3""}",8.82,2025-01-14 16:22:16,2025-02-17 15:03:28
dev_1905_bo1q3x,1905,"{""os"": ""Android"", ""ver"": ""11.4""}",52.24,2025-04-16 08:26:56,2025-04-21 20:23:29
dev_1905_amjeqb,1905,"{""os"": ""iOS"", ""ver"": ""11.5""}",77.84,2025-01-05 20:55:57,2025-08-12 07:15:24
dev_1737_eczg04,1737,"{""os"": ""Android"", ""ver"": ""13.5""}",61.63,2025-05-28 06:59:47,2025-09-20 20:45:53
dev_1737_d48ajz,1737,"{""os"": ""Android"", ""ver"": ""12.5""}",34.78,2025-08-08 09:45:27,2025-01-28 03:47:06
dev_324_6gaf0t,324,"{""os"": ""Android"", ""ver"": ""15.2""}",30.06,2025-09-28 15:05:18,2025-01-17 19:09:37
dev_324_zbvye1,324,"{""os"": ""iOS"", ""ver"": ""13.6""}",3.9,2024-10-30 10:31:32,2024-12-14 11:13:32
dev_1921_23vd14,1921,"{""os"": ""iOS"", ""ver"": ""10.9""}",61.12,2025-01-24 06:54:33,2025-07-16 12:20:17
dev_1207_7d2ez2,1207,"{""os"": ""iOS"", ""ver"": ""17.4""}",73.3,2025-04-20 13:32:45,2025-05-30 12:24:01
dev_1207_fmwklb,1207,"{""os"": ""Android"", ""ver"": ""16.4""}",64.48,2025-02-06 02:13:39,2025-01-09 19:17:11
dev_1540_46t5bc,1540,"{""os"": ""iOS"", ""ver"": ""12.7""}",14.84,2025-05-24 04:11:14,2025-09-29 19:33:24
dev_1540_rrsxqs,1540,"{""os"": ""iOS"", ""ver"": ""17.0""}",51.07,2025-08-02 01:54:52,2025-09-11 16:44:39
dev_1300_wcz5g1,1300,"{""os"": ""Android"", ""ver"": ""17.9""}",17.84,2024-12-26 04:30:18,2024-10-31 02:00:19
dev_359_n3nfc3,359,"{""os"": ""iOS"", ""ver"": ""15.1""}",67.92,2025-03-27 11:36:25,2025-03-18 08:57:34
dev_359_5u58pd,359,"{""os"": ""iOS"", ""ver"": ""10.8""}",27.09,2024-10-30 02:21:15,2024-11-24 10:05:15
dev_1273_xy9or1,1273,"{""os"": ""iOS"", ""ver"": ""16.3""}",88.8,2025-06-26 03:06:45,2024-12-14 13:23:13
dev_561_boo9p2,561,"{""os"": ""Android"", ""ver"": ""15.0""}",52.61,2025-09-25 11:27:15,2025-09-20 22:41:57
dev_561_3bvtbw,561,"{""os"": ""iOS"", ""ver"": ""15.0""}",69.18,2024-12-10 16:40:57,2025-09-20 22:16:20
dev_1153_67lcuk,1153,"{""os"": ""iOS"", ""ver"": ""12.4""}",21.12,2025-09-05 20:46:52,2025-09-14 21:31:57
dev_1153_agw8vb,1153,"{""os"": ""Android"", ""ver"": ""11.9""}",11.77,2024-11-20 16:41:30,2025-08-13 23:45:52
dev_1405_osvi4d,1405,"{""os"": ""Android"", ""ver"": ""14.9""}",83.35,2024-10-18 07:39:44,2025-08-09 17:39:26
dev_877_pn892k,877,"{""os"": ""Android"", ""ver"": ""15.3""}",73.78,2025-08-16 22:58:01,2025-02-22 22:09:56
dev_877_xxeglz,877,"{""os"": ""iOS"", ""ver"": ""16.0""}",90.72,2024-12-15 08:55:31,2025-06-21 19:36:49
dev_672_kp45qn,672,"{""os"": ""iOS"", ""ver"": ""15.1""}",88.86,2025-06-04 01:39:00,2024-11-04 17:05:26
dev_672_kveadc,672,"{""os"": ""iOS"", ""ver"": ""10.3""}",49.26,2025-08-25 10:59:30,2025-08-11 10:57:29
dev_332_w2afi6,332,"{""os"": ""Android"", ""ver"": ""10.9""}",68.54,2025-09-26 14:04:07,2025-02-13 22:25:02
dev_429_zt2eod,429,"{""os"": ""iOS"", ""ver"": ""17.6""}",26.07,2025-05-25 13:15:08,2025-09-15 00:50:58
dev_429_iv0z5z,429,"{""os"": ""Android"", ""ver"": ""12.2""}",68.95,2025-02-12 18:54:25,2025-08-02 19:21:28
dev_1981_ajx4b0,1981,"{""os"": ""iOS"", ""ver"": ""12.8""}",64.97,2025-03-11 22:07:07,2025-04-22 13:46:48
dev_814_6zvnso,814,"{""os"": ""Android"", ""ver"": ""13.3""}",66.87,2025-02-21 01:04:40,2025-04-12 04:08:41
dev_1017_tgtuo2,1017,"{""os"": ""Android"", ""ver"": ""14.4""}",22.39,2025-06-16 19:00:25,2025-06-12 21:18:58
dev_522_w4spi0,522,"{""os"": ""Android"", ""ver"": ""17.6""}",75.38,2025-08-16 15:49:21,2025-06-19 11:15:38
dev_1390_guakvx,1390,"{""os"": ""Android"", ""ver"": ""12.3""}",29.54,2024-11-06 08:12:51,2025-04-30 08:32:34
dev_1390_26f1po,1390,"{""os"": ""iOS"", ""ver"": ""16.0""}",8.86,2025-03-29 19:30:56,2025-04-29 16:39:30
dev_1198_sfl04m,1198,"{""os"": ""iOS"", ""ver"": ""13.8""}",81.8,2025-06-02 11:49:05,2025-09-17 12:12:22
dev_1198_xzwaiu,1198,"{""os"": ""Android"", ""ver"": ""13.8""}",88.36,2025-06-30 01:49:49,2025-03-29 20:52:04
dev_1155_s9kt9e,1155,"{""os"": ""Android"", ""ver"": ""15.3""}",18.33,2024-12-29 02:57:09,2025-08-30 22:31:28
dev_1263_aa62db,1263,"{""os"": ""Android"", ""ver"": ""17.8""}",42.48,2025-09-28 08:18:47,2025-04-09 08:48:28
dev_109_6i93cv,109,"{""os"": ""iOS"", ""ver"": ""14.5""}",27.34,2025-08-25 16:34:31,2025-06-25 03:48:47
dev_292_udx1zf,292,"{""os"": ""Android"", ""ver"": ""10.7""}",80.28,2025-05-05 02:58:23,2025-01-13 06:13:53
dev_292_bhmyx2,292,"{""os"": ""Android"", ""ver"": ""16.7""}",44.65,2025-04-21 22:54:25,2025-10-09 09:48:39
dev_1794_g0r6w6,1794,"{""os"": ""Android"", ""ver"": ""10.3""}",39.25,2025-02-20 03:27:38,2025-06-19 20:54:16
dev_1794_cgjk91,1794,"{""os"": ""iOS"", ""ver"": ""16.3""}",14.98,2025-04-30 19:10:06,2025-03-11 08:43:30
dev_459_s12fzx,459,"{""os"": ""Android"", ""ver"": ""14.8""}",34.2,2025-02-23 15:51:50,2025-07-18 18:41:59
dev_459_y0rcnj,459,"{""os"": ""Android"", ""ver"": ""10.1""}",49.26,2025-06-01 07:56:21,2024-12-08 21:18:44
dev_1362_a0c0fo,1362,"{""os"": ""iOS"", ""ver"": ""15.9""}",65.48,2025-03-05 06:28:01,2025-02-22 16:07:35
dev_1362_i3urnj,1362,"{""os"": ""iOS"", ""ver"": ""13.4""}",93.89,2025-02-10 06:38:56,2025-05-17 22:31:29
dev_1059_5qxaex,1059,"{""os"": ""iOS"", ""ver"": ""16.5""}",79.76,2024-11-12 19:21:27,2025-04-17 04:29:07
dev_1912_6nngnj,1912,"{""os"": ""Android"", ""ver"": ""10.3""}",77.91,2024-12-13 11:59:24,2025-01-20 14:13:42
dev_552_vnmixw,552,"{""os"": ""iOS"", ""ver"": ""12.0""}",85.6,2025-05-27 19:07:15,2025-09-21 22:59:34
dev_1592_5roszh,1592,"{""os"": ""iOS"", ""ver"": ""11.8""}",72.86,2025-02-11 21:02:55,2024-10-20 12:58:51
dev_1592_fqjit6,1592,"{""os"": ""iOS"", ""ver"": ""17.1""}",85.13,2025-04-11 16:13:13,2025-06-12 01:11:14
dev_1830_ieuyqz,1830,"{""os"": ""Android"", ""ver"": ""14.4""}",87.28,2025-07-11 00:51:50,2025-09-08 05:23:44
dev_1830_w9j51k,1830,"{""os"": ""Android"", ""ver"": ""16.9""}",71.12,2024-12-27 11:54:12,2024-11-25 09:22:00
dev_2_o547gf,2,"{""os"": ""Android"", ""ver"": ""17.1""}",11.14,2025-02-22 15:02:57,2025-02-18 04:01:23
dev_2_r7d6e5,2,"{""os"": ""iOS"", ""ver"": ""11.7""}",21.16,2025-02-09 07:56:43,2025-06-10 15:51:44
dev_121_hkz96u,121,"{""os"": ""iOS"", ""ver"": ""16.6""}",41.54,2025-08-08 19:37:29,2025-07-14 23:45:23
dev_121_0xwt0x,121,"{""os"": ""Android"", ""ver"": ""17.6""}",17.23,2025-08-31 16:47:04,2025-07-31 04:30:36
dev_1580_q9werx,1580,"{""os"": ""Android"", ""ver"": ""17.0""}",98.69,2025-02-18 07:20:15,2025-03-22 18:56:09
dev_1580_djxmvm,1580,"{""os"": ""Android"", ""ver"": ""12.3""}",95.66,2025-07-23 13:18:34,2025-01-25 09:03:39
dev_538_2g1ipj,538,"{""os"": ""Android"", ""ver"": ""12.4""}",47.83,2025-08-21 08:41:06,2025-04-14 23:36:43
dev_184_48u3lq,184,"{""os"": ""iOS"", ""ver"": ""17.0""}",43.48,2025-02-09 11:17:19,2025-03-04 13:00:56
dev_702_3ed46k,702,"{""os"": ""iOS"", ""ver"": ""13.3""}",40.02,2025-05-11 05:11:41,2025-04-13 23:19:53
dev_1169_48iy00,1169,"{""os"": ""iOS"", ""ver"": ""11.0""}",10.02,2025-04-20 00:09:00,2024-10-16 20:22:42
dev_1464_l4cuym,1464,"{""os"": ""Android"", ""ver"": ""17.0""}",23.25,2024-10-14 17:35:23,2025-10-08 21:56:54
dev_1464_pxetgc,1464,"{""os"": ""Android"", ""ver"": ""13.5""}",30.66,2025-03-25 04:02:36,2025-03-20 17:55:37
dev_1812_ppp4ky,1812,"{""os"": ""Android"", ""ver"": ""11.0""}",66.17,2025-07-02 06:15:10,2025-03-11 18:44:28
dev_264_uwnzaf,264,"{""os"": ""Android"", ""ver"": ""12.9""}",60.98,2025-07-30 08:17:20,2025-08-24 12:42:24
dev_580_jjh1wb,580,"{""os"": ""Android"", ""ver"": ""12.0""}",57.59,2025-06-24 16:46:08,2025-02-06 06:10:35
dev_294_d7hfvs,294,"{""os"": ""iOS"", ""ver"": ""11.5""}",88.88,2024-11-01 21:41:14,2024-11-24 22:20:56
dev_850_rpp9cw,850,"{""os"": ""Android"", ""ver"": ""10.3""}",3.81,2025-09-24 10:50:46,2025-04-25 01:14:08
dev_850_5sczh3,850,"{""os"": ""Android"", ""ver"": ""13.3""}",41.63,2025-04-08 17:05:52,2025-05-28 03:55:55
dev_1156_d5e9jl,1156,"{""os"": ""iOS"", ""ver"": ""11.7""}",59.52,2025-08-14 13:21:29,2025-03-28 12:26:21
dev_656_vcncxl,656,"{""os"": ""iOS"", ""ver"": ""10.5""}",97.83,2025-05-07 15:20:04,2024-11-19 03:38:33
dev_963_aua5c3,963,"{""os"": ""iOS"", ""ver"": ""11.1""}",34.03,2024-11-05 03:10:48,2025-03-10 10:24:44
dev_963_wkvn4h,963,"{""os"": ""Android"", ""ver"": ""17.3""}",12.61,2025-10-07 13:49:43,2025-03-12 09:51:15
dev_1870_nm292m,1870,"{""os"": ""iOS"", ""ver"": ""15.6""}",74.5,2025-05-04 14:39:32,2025-01-02 14:37:16
dev_454_5kvbot,454,"{""os"": ""Android"", ""ver"": ""15.5""}",98.16,2025-08-20 20:20:28,2024-12-22 03:24:43
dev_1423_zbl161,1423,"{""os"": ""Android"", ""ver"": ""11.1""}",91.17,2024-12-24 03:36:39,2025-04-03 03:49:23
dev_1113_wixuy3,1113,"{""os"": ""Android"", ""ver"": ""17.7""}",68.72,2024-11-23 21:57:08,2025-07-22 08:25:46
dev_698_y4n5bz,698,"{""os"": ""iOS"", ""ver"": ""14.2""}",58.99,2025-09-22 16:19:37,2024-10-27 15:43:59
dev_698_vf123l,698,"{""os"": ""iOS"", ""ver"": ""10.3""}",47.83,2025-06-21 18:36:19,2025-02-10 03:33:49
dev_142_fnttuy,142,"{""os"": ""Android"", ""ver"": ""13.0""}",45.69,2025-01-15 18:22:00,2024-12-31 08:14:33
dev_1449_javyej,1449,"{""os"": ""Android"", ""ver"": ""10.1""}",55.36,2025-06-06 21:00:18,2025-08-31 17:04:25
dev_414_a8sm0d,414,"{""os"": ""iOS"", ""ver"": ""13.4""}",50.63,2025-08-17 10:45:49,2024-12-15 00:42:50
dev_1384_fliuf4,1384,"{""os"": ""Android"", ""ver"": ""11.4""}",26.89,2025-07-21 14:32:07,2025-01-04 18:51:04
dev_1384_c6cgel,1384,"{""os"": ""Android"", ""ver"": ""11.7""}",80.63,2025-08-14 07:02:22,2025-08-20 23:51:32
dev_1246_f1bom1,1246,"{""os"": ""Android"", ""ver"": ""11.2""}",12.34,2025-03-11 14:33:00,2025-05-09 16:16:22
dev_988_74ccfh,988,"{""os"": ""iOS"", ""ver"": ""11.6""}",45.48,2025-03-27 22:47:24,2025-04-03 12:17:25
dev_769_x6gtx9,769,"{""os"": ""iOS"", ""ver"": ""16.8""}",30.74,2025-05-12 02:18:01,2025-05-05 00:49:06
dev_769_og2arx,769,"{""os"": ""iOS"", ""ver"": ""15.3""}",51.24,2024-12-20 11:44:33,2025-10-02 22:35:26
dev_1746_a178fx,1746,"{""os"": ""Android"", ""ver"": ""13.6""}",15.24,2025-02-22 17:09:44,2025-07-10 07:56:46
dev_1746_asgk78,1746,"{""os"": ""Android"", ""ver"": ""11.5""}",74.12,2024-12-19 16:32:22,2025-08-26 21:29:03
dev_508_mtvz2g,508,"{""os"": ""Android"", ""ver"": ""14.3""}",62.69,2025-07-30 06:03:17,2025-08-20 17:27:02
dev_508_htf1rx,508,"{""os"": ""iOS"", ""ver"": ""10.2""}",2.25,2025-07-21 12:35:49,2025-08-31 11:38:18
dev_684_9n1xij,684,"{""os"": ""iOS"", ""ver"": ""14.5""}",84.1,2025-01-18 07:01:12,2025-06-06 07:11:05
dev_684_k85enc,684,"{""os"": ""iOS"", ""ver"": ""12.4""}",84.99,2025-06-19 10:29:57,2025-10-02 06:51:42
dev_330_hkkldi,330,"{""os"": ""Android"", ""ver"": ""10.5""}",33.58,2024-11-28 06:02:29,2025-08-01 17:39:02
dev_1260_axp0uo,1260,"{""os"": ""Android"", ""ver"": ""17.2""}",35.15,2024-10-30 13:31:41,2025-02-27 11:28:39
dev_1260_2chaqp,1260,"{""os"": ""Android"", ""ver"": ""16.7""}",16.79,2025-02-22 20:24:03,2025-07-04 03:08:26
dev_583_s8p6wk,583,"{""os"": ""Android"", ""ver"": ""10.5""}",63.5,2025-08-05 09:24:48,2025-08-22 08:39:52
dev_583_f43390,583,"{""os"": ""iOS"", ""ver"": ""12.5""}",93.19,2025-06-17 02:29:46,2024-11-11 06:02:02
dev_1589_1dkho9,1589,"{""os"": ""iOS"", ""ver"": ""16.6""}",73.86,2024-11-24 17:53:47,2025-05-04 23:52:38
dev_145_ubevsz,145,"{""os"": ""Android"", ""ver"": ""11.1""}",11.77,2025-01-29 15:13:15,2025-02-19 06:23:42
dev_145_ichex7,145,"{""os"": ""Android"", ""ver"": ""10.2""}",40.23,2025-08-04 03:24:54,2025-03-17 04:35:52
dev_640_mszknu,640,"{""os"": ""iOS"", ""ver"": ""17.1""}",81.24,2025-02-14 11:30:52,2024-12-30 16:58:44
dev_640_maymyw,640,"{""os"": ""iOS"", ""ver"": ""17.8""}",25.82,2025-05-05 00:54:28,2025-09-14 08:52:07
dev_1620_031vgl,1620,"{""os"": ""iOS"", ""ver"": ""17.9""}",82.58,2025-03-15 20:52:47,2025-03-04 09:10:13
dev_1590_l120et,1590,"{""os"": ""iOS"", ""ver"": ""16.1""}",52.61,2025-01-31 19:01:48,2024-11-13 03:03:00
dev_1590_kqkp90,1590,"{""os"": ""Android"", ""ver"": ""12.7""}",89.6,2024-10-20 02:14:44,2024-11-14 11:59:09
dev_1696_x36dol,1696,"{""os"": ""Android"", ""ver"": ""11.3""}",79.11,2025-05-20 12:12:33,2024-11-18 22:15:25
dev_344_xvwbq2,344,"{""os"": ""iOS"", ""ver"": ""17.7""}",64.19,2025-05-03 12:05:55,2024-11-15 21:28:43
dev_344_mh9ch1,344,"{""os"": ""Android"", ""ver"": ""11.2""}",47.08,2025-04-12 13:40:12,2025-07-12 07:07:16
dev_45_utnyjn,45,"{""os"": ""Android"", ""ver"": ""12.5""}",85.13,2025-08-16 16:56:07,2025-02-11 00:33:27
dev_556_pfxlf5,556,"{""os"": ""Android"", ""ver"": ""13.7""}",30.78,2025-01-24 06:08:42,2025-07-23 10:12:27
dev_556_gbcp6o,556,"{""os"": ""Android"", ""ver"": ""12.6""}",34.05,2024-10-09 08:49:22,2024-10-23 07:10:44
dev_122_spwqig,122,"{""os"": ""iOS"", ""ver"": ""10.9""}",23.86,2025-07-19 06:48:06,2024-12-19 22:36:01
dev_122_o4w2c0,122,"{""os"": ""Android"", ""ver"": ""15.0""}",39.7,2024-12-22 20:55:58,2024-11-22 06:56:11
dev_1047_6sjmhj,1047,"{""os"": ""Android"", ""ver"": ""11.1""}",90.55,2025-09-26 09:51:32,2024-10-28 04:51:23
dev_1047_bur0k8,1047,"{""os"": ""Android"", ""ver"": ""12.3""}",94.56,2025-08-20 21:52:06,2025-08-08 18:05:37
dev_726_envgua,726,"{""os"": ""Android"", ""ver"": ""15.3""}",8.06,2025-05-24 03:21:29,2025-05-24 04:35:01
dev_726_grbkcy,726,"{""os"": ""Android"", ""ver"": ""17.2""}",16.6,2024-12-25 18:04:27,2025-06-01 12:34:20
dev_1784_6u0rkt,1784,"{""os"": ""Android"", ""ver"": ""10.1""}",48.61,2025-03-22 11:43:33,2025-02-09 15:46:49
dev_1784_qhs5cd,1784,"{""os"": ""iOS"", ""ver"": ""10.5""}",17.21,2024-12-16 05:35:37,2025-06-24 15:47:10
dev_46_n8fqmj,46,"{""os"": ""iOS"", ""ver"": ""16.3""}",62.92,2025-05-27 00:55:25,2024-12-31 12:52:46
dev_815_tokd7g,815,"{""os"": ""iOS"", ""ver"": ""16.5""}",32.49,2025-05-03 06:20:37,2025-02-11 13:45:01
dev_815_ixuce5,815,"{""os"": ""Android"", ""ver"": ""11.6""}",61.27,2025-09-21 23:42:52,2025-02-08 21:13:55
dev_504_b84xx9,504,"{""os"": ""Android"", ""ver"": ""14.1""}",58.7,2025-09-17 01:24:51,2025-06-29 17:15:18
dev_1955_5gxq5l,1955,"{""os"": ""iOS"", ""ver"": ""15.6""}",77.85,2025-07-15 02:24:58,2025-02-21 04:15:59
dev_1955_9jy193,1955,"{""os"": ""iOS"", ""ver"": ""14.8""}",76.0,2025-04-10 07:55:22,2025-08-26 13:45:53
dev_540_6loi5y,540,"{""os"": ""Android"", ""ver"": ""11.1""}",7.69,2025-01-30 16:32:56,2025-04-20 06:55:00
dev_835_mzyg8c,835,"{""os"": ""Android"", ""ver"": ""12.2""}",13.07,2024-12-03 05:53:53,2025-04-14 02:05:06
dev_1902_cp2r7d,1902,"{""os"": ""Android"", ""ver"": ""15.7""}",16.18,2024-11-01 01:39:47,2025-04-05 16:06:27
dev_1902_6s5ipr,1902,"{""os"": ""iOS"", ""ver"": ""13.4""}",4.77,2025-06-29 03:59:15,2025-02-09 16:27:20
dev_1502_owmwgo,1502,"{""os"": ""Android"", ""ver"": ""16.8""}",2.36,2025-09-27 17:32:41,2024-12-11 21:37:35
dev_1080_mbb3rn,1080,"{""os"": ""iOS"", ""ver"": ""16.0""}",28.09,2025-10-06 12:32:23,2025-07-21 14:40:08
dev_1080_b6qdfe,1080,"{""os"": ""Android"", ""ver"": ""14.7""}",82.4,2025-01-26 14:21:44,2025-06-14 13:59:47
dev_1731_wy9zw5,1731,"{""os"": ""Android"", ""ver"": ""14.2""}",49.87,2025-03-10 06:28:59,2024-12-01 02:05:56
dev_1021_705sfl,1021,"{""os"": ""Android"", ""ver"": ""12.8""}",8.55,2024-11-27 22:29:08,2024-11-29 16:46:47
dev_1077_wy7xa2,1077,"{""os"": ""iOS"", ""ver"": ""10.4""}",1.94,2025-06-25 02:39:16,2025-03-22 04:37:30
dev_1946_fjk3gm,1946,"{""os"": ""Android"", ""ver"": ""12.6""}",48.85,2025-08-01 17:26:02,2025-07-10 04:19:13
dev_1946_6dlmfb,1946,"{""os"": ""iOS"", ""ver"": ""16.9""}",86.51,2025-07-05 04:18:03,2024-12-22 18:57:18
dev_387_ndxmz2,387,"{""os"": ""iOS"", ""ver"": ""16.0""}",54.66,2025-07-13 00:17:10,2024-12-09 23:14:12
dev_387_5iupz8,387,"{""os"": ""Android"", ""ver"": ""17.5""}",84.38,2024-11-14 14:08:08,2025-03-15 20:41:01
dev_920_6r9dd6,920,"{""os"": ""iOS"", ""ver"": ""10.7""}",15.5,2024-12-20 06:44:54,2024-12-15 07:53:31
dev_920_t9lnbo,920,"{""os"": ""iOS"", ""ver"": ""16.9""}",69.51,2025-01-21 22:40:56,2025-09-06 21:17:56
dev_295_55xmw7,295,"{""os"": ""iOS"", ""ver"": ""16.6""}",58.53,2025-03-16 08:49:56,2025-07-07 06:02:53
dev_295_hjlz2m,295,"{""os"": ""iOS"", ""ver"": ""14.3""}",45.03,2025-10-07 01:16:41,2025-07-01 01:53:47
dev_1068_kdppeq,1068,"{""os"": ""Android"", ""ver"": ""14.2""}",18.11,2025-08-20 04:17:59,2024-10-26 00:05:29
dev_1994_8dzvr9,1994,"{""os"": ""iOS"", ""ver"": ""10.3""}",25.74,2025-06-27 07:17:04,2025-02-18 23:10:33
dev_1333_bg7t0l,1333,"{""os"": ""iOS"", ""ver"": ""13.2""}",47.4,2025-09-27 00:12:15,2025-05-02 03:31:22
dev_784_dhx09z,784,"{""os"": ""iOS"", ""ver"": ""11.7""}",96.3,2024-12-03 12:01:49,2025-09-05 21:12:28
dev_784_i31jwz,784,"{""os"": ""Android"", ""ver"": ""13.3""}",93.68,2024-11-18 16:38:59,2025-07-15 23:17:08
dev_716_d2t8yf,716,"{""os"": ""Android"", ""ver"": ""12.9""}",94.66,2024-12-10 01:47:45,2025-04-17 15:00:21
dev_716_ygskqy,716,"{""os"": ""Android"", ""ver"": ""11.9""}",66.38,2025-01-19 07:57:52,2025-03-05 04:39:41
dev_1236_7vh7l0,1236,"{""os"": ""Android"", ""ver"": ""11.3""}",21.7,2025-01-17 19:16:54,2025-08-14 02:56:56
dev_1236_oy4cd3,1236,"{""os"": ""Android"", ""ver"": ""14.3""}",22.65,2024-10-25 10:20:49,2025-02-04 02:26:35
dev_1463_qezrp1,1463,"{""os"": ""Android"", ""ver"": ""13.1""}",17.41,2025-02-18 15:49:19,2024-12-09 00:03:10
dev_1463_4xn1fv,1463,"{""os"": ""Android"", ""ver"": ""12.0""}",27.29,2024-12-29 19:24:44,2025-07-14 12:45:21
dev_1350_c1dnp7,1350,"{""os"": ""Android"", ""ver"": ""15.8""}",38.51,2025-05-29 17:10:41,2025-05-30 10:32:59
dev_1686_vfnie9,1686,"{""os"": ""Android"", ""ver"": ""10.4""}",39.11,2025-08-17 19:15:04,2025-08-13 00:19:48
dev_1417_t07bvq,1417,"{""os"": ""Android"", ""ver"": ""17.5""}",28.13,2025-02-25 19:50:40,2024-12-11 12:02:58
dev_1040_ude71w,1040,"{""os"": ""Android"", ""ver"": ""13.6""}",67.72,2025-09-11 03:07:47,2025-01-21 23:03:04
dev_85_f1gehw,85,"{""os"": ""Android"", ""ver"": ""17.8""}",21.62,2025-05-04 03:41:25,2025-04-08 15:33:44
dev_85_zywdv5,85,"{""os"": ""Android"", ""ver"": ""16.3""}",51.22,2025-01-19 20:48:14,2024-10-13 11:07:47
dev_588_fzzjro,588,"{""os"": ""Android"", ""ver"": ""16.2""}",50.26,2025-08-21 08:16:20,2025-02-15 06:51:02
dev_1825_nhwvl9,1825,"{""os"": ""Android"", ""ver"": ""15.0""}",42.5,2024-12-22 16:05:12,2024-11-27 22:48:13
dev_1825_sxvti2,1825,"{""os"": ""Android"", ""ver"": ""12.8""}",33.35,2024-10-18 12:12:33,2025-05-21 06:38:57
dev_1256_uz1khl,1256,"{""os"": ""iOS"", ""ver"": ""14.2""}",91.07,2025-04-10 01:52:43,2025-05-04 09:51:41
dev_1256_uqolf8,1256,"{""os"": ""Android"", ""ver"": ""17.4""}",3.3,2025-09-27 21:35:46,2025-07-19 17:24:55
dev_136_92hjqn,136,"{""os"": ""iOS"", ""ver"": ""10.7""}",78.94,2024-11-05 18:59:33,2024-12-20 12:56:42
dev_136_rcxuox,136,"{""os"": ""iOS"", ""ver"": ""14.0""}",48.77,2025-06-15 00:51:25,2025-03-15 07:20:09
dev_986_0jzcbf,986,"{""os"": ""iOS"", ""ver"": ""12.0""}",58.75,2025-04-30 07:51:50,2024-10-16 03:24:05
dev_986_wavmc0,986,"{""os"": ""Android"", ""ver"": ""17.4""}",90.29,2025-02-23 04:38:37,2024-11-27 14:14:11
dev_175_z9lisy,175,"{""os"": ""iOS"", ""ver"": ""14.9""}",96.02,2025-01-28 22:30:39,2025-02-06 00:24:11
dev_788_ntk3ih,788,"{""os"": ""iOS"", ""ver"": ""14.6""}",34.26,2024-12-21 09:32:19,2025-06-25 00:28:33
dev_788_u2ukhe,788,"{""os"": ""iOS"", ""ver"": ""16.4""}",66.15,2025-05-27 13:53:31,2025-09-18 03:44:19
dev_99_wu5k78,99,"{""os"": ""Android"", ""ver"": ""13.3""}",28.47,2024-10-22 11:21:08,2025-06-11 12:06:51
dev_99_b146dz,99,"{""os"": ""iOS"", ""ver"": ""11.8""}",15.96,2025-03-27 10:27:18,2025-03-01 04:12:42
dev_503_8c7qws,503,"{""os"": ""iOS"", ""ver"": ""10.8""}",80.24,2025-09-08 05:27:11,2025-06-10 15:20:52
dev_415_59y61f,415,"{""os"": ""Android"", ""ver"": ""17.9""}",88.28,2025-06-08 22:02:44,2025-03-06 23:47:48
dev_1388_x6vym6,1388,"{""os"": ""Android"", ""ver"": ""12.8""}",39.07,2024-12-09 14:28:40,2024-10-14 20:47:30
dev_1388_f3xiz8,1388,"{""os"": ""iOS"", ""ver"": ""10.3""}",7.03,2024-11-18 22:30:29,2024-11-25 08:19:39
dev_474_lvvagy,474,"{""os"": ""Android"", ""ver"": ""12.8""}",89.5,2024-11-28 02:16:32,2024-11-28 22:41:26
dev_474_i825dn,474,"{""os"": ""Android"", ""ver"": ""13.3""}",21.31,2025-01-16 04:21:31,2025-02-23 21:05:18
dev_1935_38ky4y,1935,"{""os"": ""Android"", ""ver"": ""16.8""}",61.57,2024-10-14 04:50:01,2025-06-10 14:46:38
dev_1935_nmlgcy,1935,"{""os"": ""iOS"", ""ver"": ""15.4""}",30.27,2025-05-04 15:01:25,2025-05-03 17:10:55
dev_1034_ajn23t,1034,"{""os"": ""Android"", ""ver"": ""10.3""}",67.85,2025-07-14 07:19:51,2024-11-09 18:36:37
dev_766_lwe10w,766,"{""os"": ""iOS"", ""ver"": ""11.0""}",96.12,2025-06-25 04:39:48,2025-10-06 01:04:56
dev_766_dbxe1b,766,"{""os"": ""iOS"", ""ver"": ""17.2""}",59.54,2025-02-21 23:10:24,2025-04-10 06:54:12
dev_598_pqxrv1,598,"{""os"": ""iOS"", ""ver"": ""13.0""}",79.68,2025-07-19 22:21:52,2025-08-17 18:04:04
dev_577_p4wg6r,577,"{""os"": ""Android"", ""ver"": ""12.1""}",85.33,2025-06-22 00:02:28,2025-04-05 14:03:27
dev_577_6mgwno,577,"{""os"": ""Android"", ""ver"": ""16.2""}",6.39,2025-07-13 13:17:58,2025-04-25 13:17:14
dev_178_v0kk1r,178,"{""os"": ""iOS"", ""ver"": ""17.6""}",84.6,2025-02-19 14:50:21,2024-10-11 04:41:03
dev_1925_871mpl,1925,"{""os"": ""Android"", ""ver"": ""16.6""}",58.36,2024-11-03 23:17:59,2024-10-27 16:59:11
dev_1925_raeon3,1925,"{""os"": ""Android"", ""ver"": ""17.9""}",72.97,2024-12-15 20:00:44,2025-05-18 22:47:44
dev_1332_dvaw54,1332,"{""os"": ""Android"", ""ver"": ""17.0""}",31.04,2025-07-16 19:36:17,2025-05-27 21:18:37
dev_618_wb0b1y,618,"{""os"": ""Android"", ""ver"": ""10.6""}",22.04,2024-10-14 04:23:13,2025-01-23 21:33:05
dev_618_bkp1l4,618,"{""os"": ""iOS"", ""ver"": ""10.9""}",15.79,2025-04-21 04:42:21,2025-08-14 04:21:14
dev_512_ug3zj3,512,"{""os"": ""iOS"", ""ver"": ""17.6""}",24.35,2025-08-21 00:22:41,2025-01-20 18:10:27
dev_860_vqdyev,860,"{""os"": ""Android"", ""ver"": ""14.5""}",75.38,2024-12-26 13:17:10,2025-06-07 15:11:00
dev_860_l69isx,860,"{""os"": ""iOS"", ""ver"": ""16.9""}",34.74,2025-04-13 11:34:51,2024-11-11 13:13:20
dev_1337_ftryc9,1337,"{""os"": ""iOS"", ""ver"": ""11.8""}",8.98,2024-11-02 00:04:35,2024-12-18 18:24:42
dev_1337_icc6ph,1337,"{""os"": ""iOS"", ""ver"": ""11.0""}",31.45,2025-10-08 00:48:29,2024-10-29 23:20:15
dev_881_wdx68c,881,"{""os"": ""Android"", ""ver"": ""17.5""}",77.65,2025-06-25 01:32:25,2024-10-30 00:28:46
dev_881_m0gaka,881,"{""os"": ""Android"", ""ver"": ""11.8""}",18.7,2024-11-21 20:14:55,2025-04-28 01:11:12
dev_112_3tglzl,112,"{""os"": ""Android"", ""ver"": ""11.9""}",4.82,2025-06-26 18:23:38,2025-04-02 18:46:03
dev_1529_9943un,1529,"{""os"": ""iOS"", ""ver"": ""16.1""}",90.82,2025-03-06 13:41:55,2025-05-21 06:57:52
dev_1529_hnd3j5,1529,"{""os"": ""iOS"", ""ver"": ""16.9""}",31.32,2025-04-07 13:39:43,2025-04-05 15:28:40
dev_371_r0yu45,371,"{""os"": ""Android"", ""ver"": ""11.5""}",38.87,2024-10-30 01:54:02,2024-12-07 10:01:38
dev_1387_54xrea,1387,"{""os"": ""iOS"", ""ver"": ""15.1""}",65.8,2025-09-25 12:21:12,2025-05-29 21:45:51
dev_1387_9znd8q,1387,"{""os"": ""Android"", ""ver"": ""14.3""}",56.25,2024-11-17 19:39:50,2025-06-29 03:37:23
dev_1695_m5zjyi,1695,"{""os"": ""Android"", ""ver"": ""17.0""}",11.3,2025-01-18 07:50:41,2024-11-21 07:53:13
dev_1695_ei2v57,1695,"{""os"": ""iOS"", ""ver"": ""13.1""}",26.59,2025-07-16 01:02:21,2025-08-28 12:09:00
dev_1292_aq1drr,1292,"{""os"": ""Android"", ""ver"": ""13.3""}",74.57,2025-02-02 12:37:52,2024-11-13 09:34:44
dev_1292_40g8gb,1292,"{""os"": ""iOS"", ""ver"": ""12.0""}",30.52,2025-01-17 00:22:28,2024-11-06 02:21:34
dev_1774_er12d5,1774,"{""os"": ""Android"", ""ver"": ""17.1""}",80.31,2025-09-22 00:28:39,2025-07-28 22:39:52
dev_1774_9va2ws,1774,"{""os"": ""iOS"", ""ver"": ""12.4""}",76.49,2025-01-27 09:28:40,2024-10-13 06:32:24
dev_408_42irjj,408,"{""os"": ""iOS"", ""ver"": ""10.5""}",73.89,2025-02-08 14:10:18,2025-07-13 22:58:41
dev_1638_ri7sis,1638,"{""os"": ""iOS"", ""ver"": ""10.1""}",62.82,2025-04-21 05:23:28,2024-11-29 17:21:22
dev_456_t9ocnq,456,"{""os"": ""iOS"", ""ver"": ""16.2""}",4.36,2025-07-31 07:13:06,2025-08-03 01:19:05
dev_456_a4xpzw,456,"{""os"": ""iOS"", ""ver"": ""16.2""}",82.81,2025-08-05 06:50:10,2024-10-18 02:08:26
dev_966_b4dj7n,966,"{""os"": ""Android"", ""ver"": ""10.9""}",13.26,2024-12-25 08:03:40,2025-01-13 00:40:54
dev_966_svvmyz,966,"{""os"": ""Android"", ""ver"": ""17.2""}",35.18,2025-02-13 05:43:38,2024-11-06 09:03:52
dev_1134_r2led4,1134,"{""os"": ""Android"", ""ver"": ""13.9""}",25.71,2025-10-09 01:29:53,2025-03-26 23:12:57
dev_1134_dkjp2r,1134,"{""os"": ""iOS"", ""ver"": ""14.5""}",16.01,2025-08-01 16:26:31,2025-01-20 15:37:19
dev_1107_klauia,1107,"{""os"": ""iOS"", ""ver"": ""11.7""}",92.84,2025-05-12 05:25:00,2025-08-31 02:25:07
dev_1107_7d1zwr,1107,"{""os"": ""Android"", ""ver"": ""13.9""}",21.47,2025-02-02 17:27:28,2025-08-02 19:00:08
dev_1441_9jfjfl,1441,"{""os"": ""iOS"", ""ver"": ""13.8""}",67.74,2025-05-22 07:30:12,2025-07-06 00:35:04
dev_325_ei5qfq,325,"{""os"": ""iOS"", ""ver"": ""17.5""}",21.65,2025-02-07 09:16:28,2024-10-29 09:10:39
dev_325_4ii7vx,325,"{""os"": ""Android"", ""ver"": ""17.3""}",22.61,2025-04-02 05:16:10,2025-08-21 11:02:45
dev_1402_6gxnyt,1402,"{""os"": ""iOS"", ""ver"": ""16.3""}",15.91,2025-08-25 15:51:56,2024-12-04 00:49:59
dev_1402_21ndcs,1402,"{""os"": ""iOS"", ""ver"": ""11.1""}",79.9,2024-12-04 12:28:58,2025-05-24 04:28:00
dev_137_r5uk2a,137,"{""os"": ""Android"", ""ver"": ""13.3""}",65.8,2024-12-11 11:11:18,2025-04-28 22:42:43
dev_65_3hkyz1,65,"{""os"": ""Android"", ""ver"": ""12.0""}",27.04,2024-12-24 03:12:56,2025-07-07 00:28:22
dev_1189_jhw145,1189,"{""os"": ""iOS"", ""ver"": ""17.3""}",11.16,2025-07-03 03:00:10,2025-08-02 00:23:14
dev_1605_as2r8l,1605,"{""os"": ""Android"", ""ver"": ""13.9""}",73.67,2025-02-03 06:44:34,2025-08-01 08:01:37
dev_1816_nwtv79,1816,"{""os"": ""iOS"", ""ver"": ""12.4""}",85.14,2024-12-21 16:45:04,2024-11-06 04:32:47
dev_995_19kwgb,995,"{""os"": ""Android"", ""ver"": ""11.5""}",14.33,2025-01-06 03:24:18,2025-08-27 07:47:30
dev_995_7urudo,995,"{""os"": ""iOS"", ""ver"": ""11.8""}",4.83,2025-04-02 01:01:08,2025-05-11 10:18:38
dev_1858_qoe5io,1858,"{""os"": ""Android"", ""ver"": ""17.5""}",9.21,2025-09-22 10:21:54,2025-06-20 21:01:04
